"Subject","Catalog","Section","Class Stat","Cap Enrl","Facil ID","Meeting Start","Meeting End","Mon","Tues","Wed","Thurs","Fri","Instructor Name","Mode","Campus"
"CLO"," 835","NAA","A","36","ONLINE","19:55:00","21:40:00","N","N","Y","N","N","Adunuthala,Laxmikantha Rao","H","NH"
"CLO"," 835","NAA","A","36","A4516","19:00:00","20:45:00","Y","N","N","N","N","Adunuthala,Laxmikantha Rao","H","NH"
"BDA"," 100","NAA","A","25","C3032","11:40:00","14:20:00","Y","N","N","N","N","Aghababaei Tafreshi,Omid","P","NH"
"DSM"," 760","NAA","A","36","A3518","19:00:00","20:45:00","N","N","N","Y","N","Ahmed,Sami","P","NH"
"DSM"," 760","NAA","A","36","A1509","18:05:00","19:50:00","N","Y","N","N","N","Ahmed,Sami","P","NH"
"APS"," 145","NGG","A","35","B1079","14:25:00","17:05:00","N","Y","N","N","N","Akbari,Hesam","P","NH"
"SYD"," 366","NBB","A","38","K2001","14:25:00","16:10:00","N","N","Y","N","N","Akbari,Hesam","FL","NH"
"SYD"," 366","NBBL","A","38","C2032","09:50:00","11:35:00","N","N","N","N","Y","Akbari,Hesam","P","NH"
"CLO"," 745","NCE","A","25","A1509","17:10:00","18:55:00","Y","N","N","N","N","Akbari,Mehdi","P","NH"
"CLO"," 745","NCE","A","25","C2036","17:10:00","18:55:00","N","N","N","Y","N","Akbari,Mehdi","P","NH"
"SEC"," 715","NCE","A","25","ONLINE","11:40:00","13:25:00","N","Y","N","N","N","Akbari,Mehdi","H","NH"
"SEC"," 715","NCE","A","25","A3516","19:00:00","20:45:00","N","N","N","Y","N","Akbari,Mehdi","H","NH"
"PMC"," 115","NCE","A","31","A3512","19:55:00","21:40:00","Y","N","Y","N","N","Akkus,Tayfun","P","NH"
"PMC"," 200","NCE","A","31","D3018","17:10:00","19:50:00","Y","N","N","N","N","Akkus,Tayfun","P","NH"
"PMC"," 444","NAA","A","40","A4501","17:10:00","18:55:00","N","Y","N","N","N","Akkus,Tayfun","FL","NH"
"PMC"," 444","NAAL","A","40","A3518","09:50:00","11:35:00","N","N","N","Y","N","Akkus,Tayfun","P","NH"
"CSN"," 205","NAA","A","36","ONLINE","09:50:00","11:35:00","Y","N","N","N","N","Al Quraishi,Rami","H","NH"
"CSN"," 205","NAA","A","36","K1001","08:00:00","11:35:00","N","N","N","Y","N","Al Quraishi,Rami","H","NH"
"CSN"," 205","NFF","A","36","ONLINE","10:45:00","12:30:00","N","N","Y","N","N","Al Quraishi,Rami","H","NH"
"CSN"," 205","NFF","A","36","K1001","08:00:00","11:35:00","N","N","N","N","Y","Al Quraishi,Rami","H","NH"
"CSN"," 405","NAA","A","36","K1270","14:25:00","16:10:00","N","Y","N","N","N","Al-Ansari,Kifah","H","NH"
"CSN"," 405","NAA","A","36","ONLINE","13:30:00","15:15:00","Y","N","N","N","N","Al-Ansari,Kifah","H","NH"
"CSN"," 405","NCC","A","36","K1270","16:15:00","18:00:00","N","Y","N","N","N","Al-Ansari,Kifah","H","NH"
"CSN"," 405","NCC","A","36","ONLINE","09:50:00","11:35:00","Y","N","N","N","N","Al-Ansari,Kifah","H","NH"
"CSN"," 505","NAA","A","36","ONLINE","08:00:00","09:45:00","N","N","Y","N","N","Al-Ansari,Kifah","H","NH"
"CSN"," 505","NAA","A","36","C2034","17:10:00","18:55:00","N","N","N","Y","N","Al-Ansari,Kifah","H","NH"
"OOP"," 244","NRB","A","42","A3504","17:10:00","18:55:00","N","N","Y","N","N","Al-Hamed,Ahmad","P","NH"
"OOP"," 244","NRBL","A","42","A4513","08:00:00","09:45:00","N","N","N","N","Y","Al-Hamed,Ahmad","P","NH"
"BDA"," 800","NAA","A","35","C3034","13:30:00","16:10:00","N","Y","N","N","N","Al-Shatnawi,Mufleh Saleh Mufleh","P","NH"
"SED"," 600","NAA","A","35","A3512","15:20:00","17:05:00","N","N","Y","N","N","Al-Shatnawi,Mufleh Saleh Mufleh","P","NH"
"SED"," 600","NAA","A","35","K3170","13:30:00","15:15:00","Y","N","N","N","N","Al-Shatnawi,Mufleh Saleh Mufleh","P","NH"
"SEP"," 101","NAA","A","30","K3170","11:40:00","13:25:00","Y","N","N","N","N","Al-Shatnawi,Mufleh Saleh Mufleh","P","NH"
"SEP"," 101","NAA","A","30","A4516","17:10:00","18:55:00","N","N","Y","N","N","Al-Shatnawi,Mufleh Saleh Mufleh","P","NH"
"SEP"," 200","NAA","A","25","B4085","10:45:00","12:30:00","N","Y","N","N","N","Al-Shatnawi,Mufleh Saleh Mufleh","P","NH"
"SEP"," 200","NAA","A","25","C4034","13:30:00","15:15:00","N","N","N","Y","N","Al-Shatnawi,Mufleh Saleh Mufleh","P","NH"
"DBS"," 211","NHH","A","35","B3089","14:25:00","16:10:00","N","Y","N","N","N","Alam,Tanvir","P","NH"
"DBS"," 211","NHHL","A","35","A3518","13:30:00","15:15:00","N","N","N","Y","N","Alam,Tanvir","P","NH"
"DBS"," 211","NII","A","35","A4504","09:50:00","11:35:00","N","Y","N","N","N","Alam,Tanvir","P","NH"
"DBS"," 211","NIIL","A","35","A1508","08:00:00","09:45:00","N","N","N","Y","N","Alam,Tanvir","P","NH"
"DBS"," 311","NII","A","38","D3052","11:40:00","13:25:00","N","Y","N","N","N","Alam,Tanvir","FL","NH"
"DBS"," 311","NIIL","A","38","A1509A","10:45:00","12:30:00","N","N","N","Y","N","Alam,Tanvir","P","NH"
"SYD"," 366","NII","A","40","D1012","13:30:00","15:15:00","N","N","N","N","Y","Alexander,Christopher","FL","NH"
"SYD"," 366","NIIL","A","40","A3518","15:20:00","17:05:00","Y","N","N","N","N","Alexander,Christopher","P","NH"
"SYD"," 366","NJJ","A","40","D1010","09:50:00","11:35:00","N","N","N","N","Y","Alexander,Christopher","FL","NH"
"SYD"," 366","NJJL","A","40","A4515","13:30:00","15:15:00","Y","N","N","N","N","Alexander,Christopher","P","NH"
"SYD"," 466","NEE","A","40","D4030","11:40:00","13:25:00","N","N","N","Y","N","Alexander,Christopher","FL","NH"
"SYD"," 466","NEEL","A","40","A4526","09:50:00","11:35:00","N","Y","N","N","N","Alexander,Christopher","P","NH"
"APD"," 545","NAA","A","40","C4032","12:35:00","14:20:00","N","N","Y","N","N","Ali,Mahboob","H","NH"
"APD"," 545","NAA","A","40","ONLINE","13:30:00","15:15:00","Y","N","N","N","N","Ali,Mahboob","H","NH"
"APD"," 545","NBB","A","40","C3034","15:20:00","17:05:00","N","N","Y","N","N","Ali,Mahboob","H","NH"
"APD"," 545","NBB","A","40","ONLINE","15:20:00","17:05:00","Y","N","N","N","N","Ali,Mahboob","H","NH"
"APD"," 545","NCC","A","40","C4032","10:45:00","12:30:00","N","N","Y","N","N","Ali,Mahboob","H","NH"
"APD"," 545","NCC","A","40","ONLINE","11:40:00","13:25:00","Y","N","N","N","N","Ali,Mahboob","H","NH"
"WTP"," 200","IFS","A","35","ONLINE","14:25:00","16:10:00","N","Y","N","N","N","Allen,Allana Nicole","OS","NH"
"WEB"," 222","NBB","A","40","A3527","08:00:00","09:45:00","N","Y","N","N","N","Alzghool,Muath","P","NH"
"WEB"," 222","NBB","A","40","A3527","09:50:00","11:35:00","N","N","N","Y","N","Alzghool,Muath","P","NH"
"BTL"," 100","NAA","A","35","D4050","09:50:00","11:35:00","N","Y","N","N","N","Amjoun,Rachida","P","NH"
"BTL"," 100","NAA","A","35","C3034","08:00:00","09:45:00","N","N","N","Y","N","Amjoun,Rachida","P","NH"
"DSA"," 456","NBB","A","35","B1025","08:00:00","09:45:00","Y","N","N","N","N","Amjoun,Rachida","FL","NH"
"DSA"," 456","NBBL","A","35","B3040","08:00:00","09:45:00","N","N","Y","N","N","Amjoun,Rachida","P","NH"
"DSA"," 456","NDD","A","35","K3263","15:20:00","17:05:00","N","Y","N","N","N","Amjoun,Rachida","FL","NH"
"DSA"," 456","NDDL","A","35","B1024","09:50:00","11:35:00","N","N","N","Y","N","Amjoun,Rachida","P","NH"
"SEC"," 320","NEE","A","35","K1263","14:25:00","16:10:00","N","N","N","N","Y","Anand,Shivani","P","NH"
"SEC"," 320","NEE","A","35","K1272","13:30:00","15:15:00","Y","N","N","N","N","Anand,Shivani","P","NH"
"CYT"," 100","NCE","A","30","ONLINE","19:00:00","20:45:00","N","N","Y","N","N","Anghelache,Ionut","OB","NH"
"CYT"," 100","NCE","A","30","ONLINE","19:55:00","21:40:00","Y","N","N","N","N","Anghelache,Ionut","OB","NH"
"CYT"," 145","NBB","A","36","ONLINE","17:10:00","19:50:00","Y","N","N","N","N","Anghelache,Ionut","OB","NH"
"CYT"," 145","NIA","A","36","ONLINE","13:30:00","16:10:00","N","N","N","N","Y","Anghelache,Ionut","OB","NH"
"COM"," 610","NCE","A","31","B1093","17:10:00","19:50:00","Y","N","N","N","N","Anglin,Mark","P","NH"
"PMC"," 700","ZAA","A","36","ONLINE","11:40:00","13:25:00","N","N","N","N","Y","Ansari,Muhammad Amir","H","NH"
"PMC"," 700","ZAA","A","36","A3512","12:35:00","14:20:00","Y","N","N","N","N","Ansari,Muhammad Amir","H","NH"
"SYD"," 366","NDD","A","35","K1271","13:30:00","15:15:00","N","N","Y","N","N","Apenteng,Tevin","FL","NH"
"SYD"," 366","NDDL","A","35","A4513","15:20:00","17:05:00","N","N","N","N","Y","Apenteng,Tevin","P","NH"
"SYD"," 366","NEE","A","35","K3260","17:10:00","18:55:00","N","N","N","N","Y","Apenteng,Tevin","FL","NH"
"SYD"," 366","NEEL","A","35","A4513","15:20:00","17:05:00","N","N","Y","N","N","Apenteng,Tevin","P","NH"
"SYD"," 366","NFF","A","35","K3000","15:20:00","17:05:00","N","N","N","Y","N","Apenteng,Tevin","FL","NH"
"SYD"," 366","NFFL","A","35","C3030","14:25:00","16:10:00","N","Y","N","N","N","Apenteng,Tevin","P","NH"
"APL"," 701","NAA","A","36","K1270","16:15:00","18:55:00","N","N","Y","N","N","Apted,Scott R.","H","NH"
"APL"," 701","NAA","A","36","ONLINE","10:45:00","11:35:00","Y","N","N","N","N","Apted,Scott R.","H","NH"
"CSP"," 450","NAA","A","36","K1270","11:40:00","14:20:00","N","N","N","Y","N","Apted,Scott R.","H","NH"
"CSP"," 450","NAA","A","36","ONLINE","13:30:00","14:20:00","N","N","Y","N","N","Apted,Scott R.","H","NH"
"CSP"," 450","NFF","A","36","ONLINE","16:15:00","17:05:00","N","Y","N","N","N","Apted,Scott R.","H","NH"
"CSP"," 450","NFF","A","36","K1270","16:15:00","18:55:00","N","N","N","Y","N","Apted,Scott R.","H","NH"
"APS"," 145","NDD","A","35","B3040","08:00:00","10:40:00","N","Y","N","N","N","Arbash,Rania","P","NH"
"APS"," 145","NEE","A","35","B1024","12:35:00","15:15:00","N","N","Y","N","N","Arbash,Rania","P","NH"
"CPR"," 101","NEE","A","35","K3274","15:20:00","18:00:00","N","Y","N","N","N","Baharikhoob,Aliakbar","P","NH"
"CPR"," 101","NGG","A","35","A4526","11:40:00","14:20:00","N","Y","N","N","N","Baharikhoob,Aliakbar","P","NH"
"CYT"," 250","NCE","A","25","K1003","18:05:00","19:50:00","Y","Y","N","N","N","Baig,Waleed Akram","P","NH"
"BTP"," 200","NAA","A","35","A4504","09:50:00","11:35:00","N","N","Y","N","N","Barna,Cornel","P","NH"
"BTP"," 200","NAAL","A","35","K3274","11:40:00","13:25:00","N","N","N","N","Y","Barna,Cornel","P","NH"
"BTP"," 605","NAA","A","35","A4513","13:30:00","15:15:00","N","N","N","N","Y","Barna,Cornel","H","NH"
"BTP"," 605","NAA","A","35","ONLINE","14:25:00","16:10:00","Y","N","N","N","N","Barna,Cornel","H","NH"
"BTP"," 605","NBB","A","35","ONLINE","16:15:00","18:00:00","Y","N","N","N","N","Barna,Cornel","H","NH"
"BTP"," 605","NBB","A","35","A4513","11:40:00","13:25:00","N","N","Y","N","N","Barna,Cornel","H","NH"
"PRG"," 101","NAA","A","36","A3516","10:45:00","12:30:00","N","N","Y","N","N","Bashir,Bushra","P","NH"
"PRG"," 101","NAA","A","36","C3030","11:40:00","13:25:00","Y","N","N","N","N","Bashir,Bushra","P","NH"
"MST"," 200","NEE","A","36","C3032","14:25:00","16:10:00","N","N","N","Y","N","Beheshti,Nooshin","H","NH"
"MST"," 200","NEE","A","36","A1509A","13:30:00","15:15:00","N","N","Y","N","N","Beheshti,Nooshin","H","NH"
"WIN"," 700","NIA","A","36","ONLINE","08:00:00","09:45:00","N","Y","N","N","Y","Beheshti,Nooshin","OB","NH"
"PMC"," 444","NGG","A","40","K3260","15:20:00","17:05:00","N","N","Y","N","N","Behkamal,Behshid Polytechnic","FL","NH"
"PMC"," 444","NGGL","A","40","C3036","11:40:00","13:25:00","N","N","N","N","Y","Behkamal,Behshid Polytechnic","P","NH"
"PMC"," 444","NHH","A","40","K3000","17:10:00","18:55:00","N","N","Y","N","N","Behkamal,Behshid Polytechnic","FL","NH"
"PMC"," 444","NHHL","A","40","A4516","15:20:00","17:05:00","N","N","N","N","Y","Behkamal,Behshid Polytechnic","P","NH"
"CSN"," 205","NEE","A","36","ONLINE","14:25:00","16:10:00","Y","N","N","N","N","Bernabei,Tony","H","NH"
"CSN"," 205","NEE","A","36","K1001","15:20:00","18:55:00","N","N","Y","N","N","Bernabei,Tony","H","NH"
"DBS"," 610","ZAA","A","36","K3264","17:10:00","18:55:00","N","Y","N","N","N","Boroumand,Mohammad Hesam","P","NH"
"DBS"," 610","ZAA","A","36","C4032","16:15:00","18:00:00","N","N","Y","N","N","Boroumand,Mohammad Hesam","P","NH"
"DEI"," 101","NAA","A","36","K3010","15:20:00","18:00:00","Y","N","N","N","N","Brar,Ravinder","P","NH"
"OPS"," 445","NDD","A","36","ONLINE","17:10:00","18:55:00","Y","N","N","N","N","Brauer,Eric","OB","NH"
"OPS"," 445","NDD","A","36","ONLINE","11:40:00","13:25:00","N","Y","N","N","N","Brauer,Eric","OB","NH"
"OPS"," 445","NEE","A","36","ONLINE","10:45:00","12:30:00","N","N","Y","N","N","Brauer,Eric","H","NH"
"OPS"," 445","NEE","A","36","C2030","13:30:00","15:15:00","Y","N","N","N","N","Brauer,Eric","H","NH"
"OPS"," 445","NFF","A","36","ONLINE","09:50:00","11:35:00","N","N","N","N","Y","Brauer,Eric","H","NH"
"OPS"," 445","NFF","A","36","C2030","11:40:00","13:25:00","Y","N","N","N","N","Brauer,Eric","H","NH"
"PMC"," 250","NCE","A","31","A4500","17:10:00","20:45:00","N","N","N","Y","N","Buchner,Mark","FL","NH"
"PRG"," 800","ZBB","A","36","ONLINE","11:40:00","12:30:00","N","N","N","N","Y","Buchner,Mark","H","NH"
"PRG"," 800","ZBB","A","36","C4032","11:40:00","14:20:00","Y","N","N","N","N","Buchner,Mark","H","NH"
"PRG"," 800","ZCC","A","36","ONLINE","16:15:00","17:05:00","Y","N","N","N","N","Buchner,Mark","H","NH"
"PRG"," 800","ZCC","A","36","A3516","08:55:00","11:35:00","N","N","N","N","Y","Buchner,Mark","H","NH"
"BTL"," 200","NAA","A","35","B1024","15:20:00","17:05:00","N","N","N","Y","N","Burton,Ronald Eden","P","NH"
"BTL"," 200","NAA","A","35","B1024","11:40:00","13:25:00","N","Y","N","N","N","Burton,Ronald Eden","P","NH"
"BTP"," 405","NAA","A","35","A3516","13:30:00","15:15:00","N","N","N","Y","N","Burton,Ronald Eden","H","NH"
"BTP"," 405","NAA","A","35","ONLINE","15:20:00","17:05:00","N","Y","N","N","N","Burton,Ronald Eden","H","NH"
"OPS"," 300","NAA","A","15","K1263","10:45:00","12:30:00","N","N","Y","N","N","Callaghan,Peter","P","NH"
"OPS"," 300","NAA","A","15","K1263","13:30:00","15:15:00","N","Y","N","N","N","Callaghan,Peter","P","NH"
"RHT"," 524","NAA","A","36","C2034","13:30:00","15:15:00","Y","N","N","N","N","Callaghan,Peter","H","NH"
"RHT"," 524","NAA","A","36","ONLINE","09:50:00","11:35:00","N","N","N","Y","N","Callaghan,Peter","H","NH"
"SRT"," 210","NAA","A","36","K1001","08:00:00","09:45:00","Y","Y","N","N","N","Callaghan,Peter","P","NH"
"SRT"," 210","NBB","A","36","K1001","09:50:00","11:35:00","Y","N","N","N","N","Callaghan,Peter","P","NH"
"SRT"," 210","NBB","A","36","K1001","10:45:00","12:30:00","N","Y","N","N","N","Callaghan,Peter","P","NH"
"OSL"," 645","ZAA","A","36","C3036","17:10:00","18:55:00","Y","N","N","N","N","Carman,Jason","P","NH"
"OSL"," 645","ZAA","A","36","C2036","10:45:00","12:30:00","N","N","N","N","Y","Carman,Jason","P","NH"
"OSL"," 745","ZAA","A","36","ONLINE","13:30:00","15:15:00","N","N","N","N","Y","Carman,Jason","H","NH"
"OSL"," 745","ZAA","A","36","C2036","17:10:00","18:55:00","Y","N","N","N","N","Carman,Jason","H","NH"
"OSL"," 840","ZCC","A","36","A3513","10:45:00","12:30:00","N","N","N","Y","N","Carman,Jason","FL","NH"
"OSL"," 840","ZCCL","A","36","C2034","08:55:00","10:40:00","N","N","Y","N","N","Carman,Jason","P","NH"
"CYT"," 300","NCE","A","25","ONLINE","19:00:00","19:50:00","N","N","Y","N","N","Castaneda,Juan-Carlos","H","NH"
"CYT"," 300","NCE","A","25","K1272","09:50:00","12:30:00","N","N","N","N","N","Castaneda,Juan-Carlos","H","NH"
"CSP"," 451","NIA","A","36","ONLINE","14:25:00","16:10:00","N","Y","Y","N","N","Chan,Pak Lam David","OB","NH"
"CYT"," 160","NCE","A","30","A3516","19:00:00","20:45:00","N","Y","N","N","N","Chan,Pak Lam David","P","NH"
"CYT"," 160","NCE","A","30","C2030","17:10:00","18:55:00","N","N","N","Y","N","Chan,Pak Lam David","P","NH"
"OPS"," 405","NAA","A","10","C2034","11:40:00","13:25:00","N","Y","N","N","N","Chan,Pak Lam David","P","NH"
"OPS"," 405","NAA","A","10","A4516","13:30:00","15:15:00","N","N","N","N","Y","Chan,Pak Lam David","P","NH"
"DBS"," 311","NRA","A","35","B4021","17:10:00","18:55:00","Y","N","N","N","N","Chandrasekar,Sumithra","FL","NH"
"DBS"," 311","NRAL","A","35","C3030","08:00:00","09:45:00","N","N","N","Y","N","Chandrasekar,Sumithra","P","NH"
"PMC"," 444","NEE","A","40","D1010","08:00:00","09:45:00","N","Y","N","N","N","Chaudhary,Rachit","FL","NH"
"PMC"," 444","NEEL","A","40","A3519","15:20:00","17:05:00","N","N","N","N","Y","Chaudhary,Rachit","P","NH"
"PMC"," 444","NFF","A","40","B4021","08:00:00","09:45:00","N","N","Y","N","N","Chaudhary,Rachit","FL","NH"
"PMC"," 444","NFFL","A","40","A3519","17:10:00","18:55:00","N","N","N","N","Y","Chaudhary,Rachit","P","NH"
"BTI"," 225","NAA","A","35","A2534","11:40:00","13:25:00","Y","N","N","N","N","Chen,Jenelle","P","NH"
"BTI"," 225","NAA","A","35","A3527","08:00:00","09:45:00","N","N","Y","N","N","Chen,Jenelle","P","NH"
"BTI"," 425","NBB","A","35","A3527","08:00:00","09:45:00","N","N","N","N","Y","Chen,Jenelle","H","NH"
"BTI"," 425","NBB","A","35","ONLINE","08:00:00","09:45:00","Y","N","N","N","N","Chen,Jenelle","H","NH"
"BTP"," 610","NSA","A","25","D1012","09:50:00","11:35:00","N","N","Y","N","N","Chen,Jenelle","FL","NH"
"BTP"," 610","NSAL","A","25","A3519","09:50:00","11:35:00","N","N","N","N","Y","Chen,Jenelle","FL","NH"
"CSN"," 205","NBB","A","36","ONLINE","13:30:00","15:15:00","N","N","N","Y","N","Chua,Raymond","H","NH"
"CSN"," 205","NBB","A","36","K1001","14:25:00","18:00:00","Y","N","N","N","N","Chua,Raymond","H","NH"
"CSN"," 205","NCC","A","36","ONLINE","11:40:00","13:25:00","Y","N","N","N","N","Chua,Raymond","H","NH"
"CSN"," 205","NCC","A","36","K1001","15:20:00","18:55:00","N","Y","N","N","N","Chua,Raymond","H","NH"
"DBS"," 501","NSB","A","40","ONLINE","17:10:00","18:55:00","Y","N","N","N","Y","Conkic,Nebojsa","OS","NH"
"DBS"," 501","NSC","A","40","ONLINE","13:30:00","15:15:00","N","Y","N","N","N","Conkic,Nebojsa","OS","NH"
"DBS"," 501","NSC","A","40","ONLINE","10:45:00","12:30:00","N","N","N","Y","N","Conkic,Nebojsa","OS","NH"
"PMC"," 120","NCE","A","31","ONLINE","18:05:00","20:45:00","N","Y","N","N","N","Cordeiro,Anabela","OB","NH"
"BTI"," 425","NAA","A","35","A3527","15:20:00","17:05:00","N","N","Y","N","N","Crawford,Patrick Martin","H","NH"
"BTI"," 425","NAA","A","35","ONLINE","13:30:00","15:15:00","N","N","N","N","Y","Crawford,Patrick Martin","H","NH"
"BTI"," 425","NCC","A","35","A3527","15:20:00","17:05:00","Y","N","N","N","N","Crawford,Patrick Martin","H","NH"
"BTI"," 425","NCC","A","35","ONLINE","11:40:00","13:25:00","N","N","N","N","Y","Crawford,Patrick Martin","H","NH"
"WEB"," 700","NAA","A","25","A2504","13:30:00","15:15:00","Y","N","N","N","N","Crawford,Patrick Martin","FL","NH"
"WEB"," 700","NAAL","A","25","A3527","17:10:00","18:55:00","N","N","Y","N","N","Crawford,Patrick Martin","P","NH"
"BTD"," 210","NAA","A","35","B1078","15:20:00","17:05:00","N","Y","N","N","N","Daoud,Mariam","P","NH"
"BTD"," 210","NAA","A","35","A4526","15:20:00","17:05:00","N","N","N","N","Y","Daoud,Mariam","P","NH"
"BTM"," 400","NAA","A","40","C4030","12:35:00","15:15:00","N","Y","N","N","N","Daoud,Mariam","P","NH"
"TEC"," 701","NIA","A","36","ONLINE","14:25:00","16:10:00","N","N","N","Y","N","De Jong,Nick","OB","NH"
"TEC"," 701","NIA","A","36","ONLINE","08:00:00","09:45:00","Y","N","N","N","N","De Jong,Nick","OB","NH"
"ADM"," 950","ZBB","A","36","A3519","17:10:00","18:55:00","Y","N","N","N","N","de Roos,John","FL","NH"
"ADM"," 950","ZBBL","A","36","C2030","15:20:00","17:05:00","N","N","N","N","Y","de Roos,John","P","NH"
"CYT"," 200","NCC","A","36","B3041","11:40:00","13:25:00","N","N","N","Y","N","de Roos,John","P","NH"
"CYT"," 200","NCC","A","36","B3090","19:00:00","20:45:00","N","N","N","N","Y","de Roos,John","P","NH"
"PMC"," 720","NCE","A","25","ONLINE","19:00:00","21:40:00","N","Y","N","N","N","de Roos,John","OB","NH"
"AIG"," 230","NAA","A","20","A2520","13:30:00","15:15:00","N","N","Y","N","N","Delpisheh,Elnaz","FL","NH"
"AIG"," 230","NAAL","A","20","A4526","13:30:00","15:15:00","N","N","N","N","Y","Delpisheh,Elnaz","P","NH"
"BDC"," 800","NAA","A","35","K3240","09:50:00","12:30:00","N","N","Y","N","N","Delpisheh,Elnaz","FL","NH"
"CYT"," 230","NCE","A","30","B4021","17:10:00","18:55:00","N","N","N","N","Y","Delpisheh,Narjes","FL","NH"
"CYT"," 230","NCEL","A","30","A1509","17:10:00","18:55:00","N","N","N","Y","N","Delpisheh,Narjes","P","NH"
"OPS"," 106","NAA","A","36","C2036","14:25:00","16:10:00","N","N","Y","N","N","Delpisheh,Narjes","P","NH"
"OPS"," 106","NAA","A","36","C2030","15:20:00","17:05:00","N","N","N","Y","N","Delpisheh,Narjes","P","NH"
"WAS"," 600","NBB","A","20","ONLINE","16:15:00","18:00:00","Y","N","N","N","N","Delpisheh,Narjes","OB","NH"
"WAS"," 600","NBB","A","20","ONLINE","12:35:00","14:20:00","N","N","Y","N","N","Delpisheh,Narjes","OB","NH"
"SRT"," 111","NBB","A","25","C3034","09:50:00","11:35:00","Y","N","N","N","N","Dema,Ilir","P","NH"
"SRT"," 111","NBB","A","25","C4030","08:55:00","10:40:00","N","Y","N","N","N","Dema,Ilir","P","NH"
"BDA"," 200","NAA","A","35","A4504","10:45:00","13:25:00","N","N","N","N","Y","den Baars,Andre","P","NH"
"BDB"," 400","NAA","A","45","A2505","14:25:00","17:05:00","N","Y","N","N","N","den Baars,Andre","P","NH"
"BDB"," 600","NAA","A","30","K3005","11:40:00","14:20:00","N","Y","N","N","N","den Baars,Andre","FL","NH"
"BMT"," 545","NAA","A","35","D3052","08:55:00","11:35:00","N","N","Y","N","N","den Baars,Andre","FL","NH"
"BTH"," 545","NAA","A","35","K2001","15:20:00","17:05:00","Y","N","N","N","N","Derakhshan,Farnaz","FL","NH"
"BTH"," 545","NAAL","A","35","A3512","17:10:00","18:55:00","N","N","Y","N","N","Derakhshan,Farnaz","P","NH"
"SFT"," 221","NAA","A","40","A4516","08:00:00","10:40:00","N","N","N","Y","N","Diab,Ziad","P","NH"
"SFT"," 221","NBB","A","40","C4030","09:50:00","12:30:00","Y","N","N","N","N","Diab,Ziad","P","NH"
"SFT"," 221","NCC","A","42","A4513","10:45:00","13:25:00","N","N","N","Y","N","Diab,Ziad","P","NH"
"SFT"," 221","NDD","A","38","A1509A","08:00:00","10:40:00","N","N","Y","N","N","Diab,Ziad","P","NH"
"MST"," 400","NBB","A","36","ONLINE","16:15:00","18:00:00","N","Y","N","N","N","Doulatyari,Ebrahim","H","NH"
"MST"," 400","NBB","A","36","C4032","16:15:00","18:00:00","Y","N","N","N","N","Doulatyari,Ebrahim","H","NH"
"MST"," 400","NDD","A","36","ONLINE","16:15:00","18:00:00","N","N","Y","Y","N","Doulatyari,Ebrahim","OB","NH"
"QAT"," 810","ZBB","A","36","C2034","16:15:00","18:55:00","N","N","Y","N","N","Duranai,Abdul-Aziz","P","NH"
"BTM"," 410","NAA","A","35","B1029","14:25:00","17:05:00","N","N","N","N","Y","El-Badrawi,Rachad","P","NH"
"DPS"," 950","NSA","A","35","A3513","17:10:00","18:55:00","N","N","N","Y","N","El-Badrawi,Rachad","FL","NH"
"DPS"," 950","NSA","A","35","B1083","17:10:00","18:55:00","N","Y","N","N","N","El-Badrawi,Rachad","FL","NH"
"PRJ"," 566","NBB","A","40","ONLINE","12:35:00","14:20:00","Y","N","N","N","N","Elmankabady,Yasser","H","NH"
"PRJ"," 566","NBB","A","40","K3015","12:35:00","14:20:00","N","N","Y","N","N","Elmankabady,Yasser","H","NH"
"PRJ"," 566","NCC","A","40","ONLINE","14:25:00","16:10:00","Y","N","N","N","N","Elmankabady,Yasser","H","NH"
"PRJ"," 566","NCC","A","40","B3040","14:25:00","16:10:00","N","N","Y","N","N","Elmankabady,Yasser","H","NH"
"PRJ"," 666","NCC","A","48","ONLINE","10:45:00","12:30:00","Y","N","N","N","N","Elmankabady,Yasser","H","NH"
"PRJ"," 666","NCC","A","48","K3015","10:45:00","12:30:00","N","N","Y","N","N","Elmankabady,Yasser","H","NH"
"LPE"," 945","ZBB","A","36","ONLINE","09:50:00","12:30:00","N","N","N","Y","N","Erfanian,Masood","OB","NH"
"PMC"," 130","NCE","A","31","A1509","18:05:00","19:50:00","N","N","Y","N","N","Esfandian,ali","H","NH"
"PMC"," 130","NCE","A","31","ONLINE","18:05:00","18:55:00","N","N","N","Y","N","Esfandian,ali","H","NH"
"BTO"," 125","NAA","A","40","A2517","11:40:00","13:25:00","Y","N","N","N","N","Fanaeian,Yasemin","P","NH"
"BTO"," 125","NAA","A","40","C2032","11:40:00","13:25:00","N","N","N","Y","N","Fanaeian,Yasemin","P","NH"
"BTP"," 100","NAA","A","40","A4505","09:50:00","11:35:00","Y","N","N","N","N","Fanaeian,Yasemin","P","NH"
"BTP"," 100","NAAL","A","40","A4519","10:45:00","12:30:00","N","N","N","N","Y","Fanaeian,Yasemin","P","NH"
"SEP"," 420","NAA","A","25","A2534","15:20:00","17:05:00","Y","N","N","N","N","Fanaeian,Yasemin","P","NH"
"SEP"," 420","NAA","A","25","A2534","09:50:00","11:35:00","N","N","N","Y","N","Fanaeian,Yasemin","P","NH"
"SPR"," 400","NAA","A","28","K1272","13:30:00","15:15:00","N","N","Y","N","N","Farjamfar,Anahita","P","NH"
"SPR"," 400","NAA","A","28","K1272","11:40:00","13:25:00","N","N","N","N","Y","Farjamfar,Anahita","P","NH"
"SPR"," 400","NBB","A","28","K1272","15:20:00","17:05:00","N","N","Y","N","N","Farjamfar,Anahita","P","NH"
"SPR"," 400","NBB","A","28","K1272","13:30:00","15:15:00","N","N","N","N","Y","Farjamfar,Anahita","P","NH"
"CLO"," 745","NBB","A","36","A4515","19:00:00","20:45:00","Y","N","N","N","N","Farshid Nia,Mahnaz","P","NH"
"CLO"," 745","NBB","A","36","C3030","17:10:00","18:55:00","N","N","Y","N","N","Farshid Nia,Mahnaz","P","NH"
"OPS"," 345","NBB","A","36","C2030","15:20:00","17:05:00","N","Y","N","N","N","Farshid Nia,Mahnaz","P","NH"
"OPS"," 345","NBB","A","36","C2034","16:15:00","18:00:00","N","N","N","N","Y","Farshid Nia,Mahnaz","P","NH"
"OPS"," 345","NEE","A","35","C2034","13:30:00","15:15:00","N","N","N","Y","N","Farshid Nia,Mahnaz","P","NH"
"OPS"," 345","NEE","A","35","C2034","17:10:00","18:55:00","N","Y","N","N","N","Farshid Nia,Mahnaz","P","NH"
"SRT"," 205","NBB","A","36","C3034","11:40:00","13:25:00","Y","N","N","N","N","Feng,Yuhui","P","NH"
"SRT"," 205","NBB","A","36","A1508","15:20:00","17:05:00","N","N","N","N","Y","Feng,Yuhui","P","NH"
"RHT"," 634","NAA","A","36","ONLINE","15:20:00","17:05:00","Y","N","N","N","N","Fenkam,Pascal","H","NH"
"RHT"," 634","NAA","A","36","C2036","16:15:00","18:00:00","N","Y","N","N","N","Fenkam,Pascal","H","NH"
"DPI"," 970","NIA","A","15","K3005","08:55:00","10:40:00","N","N","Y","N","N","Fernandes,Mark","H","NH"
"DPI"," 970","NIA","A","15","K3005","08:00:00","09:45:00","Y","N","N","N","N","Fernandes,Mark","H","NH"
"OPS"," 105","NAA","A","25","C2034","11:40:00","13:25:00","N","N","N","Y","N","Fernandes,Mark","P","NH"
"OPS"," 105","NAA","A","25","C2030","11:40:00","13:25:00","N","N","N","N","Y","Fernandes,Mark","P","NH"
"OPS"," 105","NBB","A","25","C2036","10:45:00","12:30:00","N","N","Y","N","N","Fernandes,Mark","P","NH"
"OPS"," 105","NBB","A","25","C2030","08:00:00","09:45:00","N","N","N","Y","N","Fernandes,Mark","P","NH"
"OPS"," 145","NCC","A","36","C2034","13:30:00","15:15:00","N","N","N","N","Y","Fernandes,Mark","P","NH"
"OPS"," 145","NCC","A","36","C2034","09:50:00","11:35:00","N","N","N","Y","N","Fernandes,Mark","P","NH"
"APS"," 145","NBB","A","35","K3272","11:40:00","14:20:00","N","N","Y","N","N","Gamage,Gayan","P","NH"
"IPC"," 144","NRB","A","35","B1024","08:00:00","09:45:00","N","Y","N","N","N","Gamage,Gayan","P","NH"
"IPC"," 144","NRBL","A","35","C4032","10:45:00","12:30:00","N","N","N","Y","N","Gamage,Gayan","P","NH"
"SRT"," 211","NIA","A","36","ONLINE","14:25:00","16:10:00","N","N","Y","N","N","Ganatra,Nilay","OB","NH"
"SRT"," 211","NIA","A","36","ONLINE","14:25:00","16:10:00","N","N","N","N","Y","Ganatra,Nilay","OB","NH"
"MAP"," 523","NSA","A","25","ONLINE","16:15:00","18:00:00","N","N","N","Y","N","Gaur,Rohit","OS","NH"
"MAP"," 523","NSA","A","25","ONLINE","17:10:00","18:55:00","N","Y","N","N","N","Gaur,Rohit","OS","NH"
"WEB"," 322","NAA","A","35","K3260","11:40:00","13:25:00","N","Y","N","N","N","Gaur,Rohit","FL","NH"
"WEB"," 322","NAAL","A","35","A3527","13:30:00","15:15:00","N","N","N","Y","N","Gaur,Rohit","P","NH"
"WEB"," 322","NBB","A","35","D1010","13:30:00","15:15:00","N","Y","N","N","N","Gaur,Rohit","FL","NH"
"WEB"," 322","NBBL","A","35","A3527","11:40:00","13:25:00","N","N","N","Y","N","Gaur,Rohit","P","NH"
"CYT"," 230","NCC","A","36","K2001","17:10:00","18:55:00","N","N","N","N","Y","Ghaderi,Kamyar","FL","NH"
"CYT"," 230","NCCL","A","36","C4034","17:10:00","18:55:00","N","N","N","Y","N","Ghaderi,Kamyar","P","NH"
"SEC"," 835","ZCC","A","36","K1272","11:40:00","13:25:00","N","N","Y","N","N","Ghaderi,Kamyar","H","NH"
"SEC"," 835","ZCC","A","36","ONLINE","14:25:00","16:10:00","Y","N","N","N","N","Ghaderi,Kamyar","H","NH"
"CYT"," 115","NBB","A","36","K1263","19:00:00","21:40:00","N","N","N","Y","N","Ghobeiti,Ahmad","H","NH"
"CYT"," 115","NCE","A","30","K1003","08:55:00","11:35:00","N","N","N","N","N","Ghobeiti,Ahmad","H","NH"
"SEC"," 815","NBB","A","36","A4526","19:55:00","21:40:00","Y","N","N","N","N","Ghobeiti,Ahmad","P","NH"
"SEC"," 815","NBB","A","36","A3518","17:10:00","18:55:00","N","Y","N","N","N","Ghobeiti,Ahmad","P","NH"
"BDD"," 200","NAA","A","35","A4515","08:00:00","10:40:00","N","N","N","N","Y","Gnanaolivu,Rani","P","NH"
"BTD"," 210","NBB","A","35","A1508","11:40:00","13:25:00","Y","N","N","N","N","Gnanaolivu,Rani","P","NH"
"BTD"," 210","NBB","A","35","A1526","14:25:00","16:10:00","N","N","N","Y","N","Gnanaolivu,Rani","P","NH"
"BTM"," 210","NAA","A","25","C3032","15:20:00","18:00:00","N","Y","N","N","N","Gnanaolivu,Rani","P","NH"
"BTP"," 500","NAA","A","30","B4062","13:30:00","15:15:00","Y","N","N","N","N","Gnanaolivu,Rani","P","NH"
"BTP"," 500","NAA","A","30","K3264","10:45:00","12:30:00","N","N","N","Y","N","Gnanaolivu,Rani","P","NH"
"OPS"," 145","NAA","A","36","C2030","13:30:00","15:15:00","N","Y","N","N","N","Gray,Brian","P","NH"
"OPS"," 145","NAA","A","36","C2030","12:35:00","14:20:00","N","N","Y","N","N","Gray,Brian","P","NH"
"OPS"," 145","NBB","A","36","C2030","11:40:00","13:25:00","N","Y","N","N","N","Gray,Brian","P","NH"
"OPS"," 145","NBB","A","36","C2030","13:30:00","15:15:00","N","N","N","N","Y","Gray,Brian","P","NH"
"OPS"," 145","NDD","A","36","C2030","14:25:00","16:10:00","N","N","Y","N","N","Gray,Brian","P","NH"
"OPS"," 145","NDD","A","36","C2030","08:00:00","09:45:00","N","Y","N","N","N","Gray,Brian","P","NH"
"OPS"," 245","NDD","A","36","ONLINE","08:55:00","10:40:00","N","N","Y","N","N","Gray,Brian","H","NH"
"OPS"," 245","NDD","A","36","C2030","09:50:00","11:35:00","N","N","N","N","Y","Gray,Brian","H","NH"
"APS"," 145","NAA","A","40","K3015","08:00:00","10:40:00","N","N","Y","N","N","Gray,Cameron F.","P","NH"
"IPC"," 144","NAA","A","40","B4059","11:40:00","13:25:00","N","N","Y","N","N","Gray,Cameron F.","P","NH"
"IPC"," 144","NAAL","A","40","A4526","08:00:00","09:45:00","N","N","N","N","Y","Gray,Cameron F.","P","NH"
"IPC"," 144","NBB","A","40","B3089","10:45:00","12:30:00","N","N","N","N","Y","Gray,Cameron F.","P","NH"
"IPC"," 144","NBBL","A","40","C3030","08:00:00","09:45:00","Y","N","N","N","N","Gray,Cameron F.","P","NH"
"OOP"," 244","NDD","A","35","A4511","11:40:00","13:25:00","N","N","N","N","Y","Gulaid,Asam","P","NH"
"OOP"," 244","NDDL","A","35","K3274","11:40:00","13:25:00","Y","N","N","N","N","Gulaid,Asam","P","NH"
"OOP"," 345","NCC","A","35","D3052","15:20:00","17:05:00","N","N","N","N","Y","Gulaid,Asam","FL","NH"
"OOP"," 345","NCCL","A","35","C4032","14:25:00","16:10:00","N","N","Y","N","N","Gulaid,Asam","P","NH"
"DEN"," 502","NSA","A","35","ONLINE","11:40:00","13:25:00","N","N","N","Y","N","Gurwitz,Marc","OS","NH"
"DEN"," 502","NSA","A","35","ONLINE","09:50:00","11:35:00","N","Y","N","N","N","Gurwitz,Marc","OS","NH"
"SYD"," 366","NCC","A","35","K3110","09:50:00","11:35:00","N","N","N","Y","N","Gurwitz,Marc","FL","NH"
"SYD"," 366","NCCL","A","35","C2032","15:20:00","17:05:00","N","Y","N","N","N","Gurwitz,Marc","P","NH"
"SEC"," 835","ZAA","A","36","K1272","08:00:00","09:45:00","N","Y","N","N","N","Habibi,Pedram","H","NH"
"SEC"," 835","ZAA","A","36","ONLINE","09:50:00","11:35:00","N","N","N","Y","N","Habibi,Pedram","H","NH"
"SOA"," 915","ZAA","A","36","ONLINE","11:40:00","13:25:00","N","N","N","Y","N","Habibi,Pedram","H","NH"
"SOA"," 915","ZAA","A","36","A3512","09:50:00","11:35:00","N","N","Y","N","N","Habibi,Pedram","H","NH"
"SOA"," 915","ZBB","A","36","ONLINE","08:00:00","09:45:00","N","N","N","Y","N","Habibi,Pedram","H","NH"
"SOA"," 915","ZBB","A","36","C3030","15:20:00","17:05:00","Y","N","N","N","N","Habibi,Pedram","H","NH"
"CYT"," 300","NBB","A","32","ONLINE","15:20:00","16:10:00","Y","N","N","N","N","Haddadpajouh,Hamed","H","NH"
"CYT"," 300","NBB","A","32","K1003","15:20:00","18:00:00","N","Y","N","N","N","Haddadpajouh,Hamed","H","NH"
"CYT"," 300","NCC","A","32","ONLINE","11:40:00","12:30:00","N","Y","N","N","N","Haddadpajouh,Hamed","H","NH"
"CYT"," 300","NCC","A","32","K1003","13:30:00","16:10:00","N","N","N","Y","N","Haddadpajouh,Hamed","H","NH"
"RIS"," 430","NAA","A","28","K1263","08:00:00","09:45:00","N","N","N","N","Y","Haddadpajouh,Hamed","P","NH"
"RIS"," 430","NAA","A","28","K1003","13:30:00","15:15:00","Y","N","N","N","N","Haddadpajouh,Hamed","P","NH"
"BTN"," 415","NAA","A","35","A4526","09:50:00","11:35:00","N","N","N","N","Y","Hamid,Zara","H","NH"
"BTN"," 415","NAA","A","35","ONLINE","11:40:00","13:25:00","N","N","Y","N","N","Hamid,Zara","H","NH"
"BTN"," 415","NBB","A","35","C2032","09:50:00","11:35:00","N","N","N","Y","N","Hamid,Zara","H","NH"
"BTN"," 415","NBB","A","35","ONLINE","11:40:00","13:25:00","N","N","N","N","Y","Hamid,Zara","H","NH"
"OPS"," 245","NAA","A","36","C2034","15:20:00","17:05:00","N","N","N","Y","N","Heim,Hans","P","NH"
"OPS"," 245","NAA","A","36","C2036","12:35:00","14:20:00","N","N","N","N","Y","Heim,Hans","P","NH"
"OPS"," 245","NBB","A","36","C2036","13:30:00","15:15:00","N","Y","N","N","N","Heim,Hans","P","NH"
"OPS"," 245","NBB","A","36","C2036","11:40:00","13:25:00","N","N","N","Y","N","Heim,Hans","P","NH"
"OPS"," 245","NCC","A","36","C2034","09:50:00","11:35:00","N","N","N","N","Y","Heim,Hans","H","NH"
"OPS"," 245","NCC","A","36","ONLINE","09:50:00","11:35:00","N","N","N","Y","N","Heim,Hans","H","NH"
"SPS"," 120","NBB","A","36","B1079","09:50:00","12:30:00","N","N","Y","N","N","Heim,Hans","P","NH"
"CYT"," 100","NBB","A","36","ONLINE","19:00:00","20:45:00","N","N","Y","N","N","Hendrawan,Hendra","OB","NH"
"CYT"," 100","NBB","A","36","ONLINE","19:55:00","21:40:00","Y","N","N","N","N","Hendrawan,Hendra","OB","NH"
"SEC"," 815","NAA","A","36","A3512","13:30:00","15:15:00","N","N","N","N","N","Hendrawan,Hendra","P","NH"
"SEC"," 815","NAA","A","36","A3512","19:55:00","21:40:00","N","Y","N","N","N","Hendrawan,Hendra","P","NH"
"BAB"," 210","NAA","A","25","D1012","16:15:00","18:55:00","N","Y","N","N","N","Hijazi,Samer","FL","NH"
"BTL"," 300","NAA","A","35","ONLINE","16:15:00","18:00:00","Y","N","N","N","N","Hijazi,Samer","H","NH"
"BTL"," 300","NAA","A","35","C4032","15:20:00","17:05:00","N","N","N","N","Y","Hijazi,Samer","H","NH"
"OOP"," 244","NGG","A","35","A4505","11:40:00","13:25:00","N","N","N","N","Y","Huang,Hong Zhan","P","NH"
"OOP"," 244","NGGL","A","35","A4526","15:20:00","17:05:00","N","N","Y","N","N","Huang,Hong Zhan","P","NH"
"OOP"," 244","NHH","A","35","A3504","11:40:00","13:25:00","N","N","Y","N","N","Huang,Hong Zhan","P","NH"
"OOP"," 244","NHHL","A","35","A4516","15:20:00","17:05:00","Y","N","N","N","N","Huang,Hong Zhan","P","NH"
"OOP"," 345","NDD","A","35","K3100","08:00:00","09:45:00","N","N","N","Y","N","Huang,Hong Zhan","FL","NH"
"OOP"," 345","NDDL","A","35","A4515","11:40:00","13:25:00","Y","N","N","N","N","Huang,Hong Zhan","P","NH"
"CYT"," 145","NCE","A","30","ONLINE","17:10:00","19:50:00","Y","N","N","N","N","Huang,Wei","OB","NH"
"SPR"," 200","NAA","A","36","K1003","13:30:00","15:15:00","N","Y","N","N","N","Huang,Wei","P","NH"
"SPR"," 200","NAA","A","36","K1003","09:50:00","11:35:00","N","N","N","Y","N","Huang,Wei","P","NH"
"SPR"," 200","NBB","A","36","K1003","08:55:00","10:40:00","N","Y","N","N","N","Huang,Wei","P","NH"
"SPR"," 200","NBB","A","36","K1263","13:30:00","15:15:00","Y","N","N","N","N","Huang,Wei","P","NH"
"CCP"," 555","NSA","A","35","ONLINE","17:10:00","18:55:00","N","N","Y","N","N","Humphrey,David Andrew","OS","NH"
"CCP"," 555","NSA","A","35","ONLINE","13:30:00","15:15:00","N","N","N","N","Y","Humphrey,David Andrew","OS","NH"
"CCP"," 555","NSB","A","30","ONLINE","17:10:00","18:55:00","N","Y","N","N","N","Humphrey,David Andrew","OS","NH"
"CCP"," 555","NSB","A","30","ONLINE","16:15:00","18:00:00","N","N","N","Y","N","Humphrey,David Andrew","OS","NH"
"DPS"," 911","NSA","A","5","ONLINE","13:30:00","15:15:00","N","Y","N","N","N","Humphrey,David Andrew","OS","NH"
"DPS"," 911","NSA","A","5","ONLINE","10:45:00","12:30:00","N","N","N","Y","N","Humphrey,David Andrew","OS","NH"
"OSD"," 700","NSA","A","15","ONLINE","13:30:00","15:15:00","N","Y","N","N","N","Humphrey,David Andrew","OS","NH"
"OSD"," 700","NSA","A","15","ONLINE","10:45:00","12:30:00","N","N","N","Y","N","Humphrey,David Andrew","OS","NH"
"WEB"," 222","NAA","A","35","A2534","13:30:00","15:15:00","N","N","Y","N","N","Humphrey,David Andrew","P","NH"
"WEB"," 222","NAA","A","35","A3527","11:40:00","13:25:00","N","N","N","N","Y","Humphrey,David Andrew","P","NH"
"CSN"," 405","NDD","A","36","K1270","09:50:00","11:35:00","Y","N","N","N","N","Hussein,Ali Abdulsattar","H","NH"
"CSN"," 405","NDD","A","36","ONLINE","10:45:00","12:30:00","N","N","Y","N","N","Hussein,Ali Abdulsattar","H","NH"
"CSN"," 405","NEE","A","36","K1270","11:40:00","13:25:00","Y","N","N","N","N","Hussein,Ali Abdulsattar","H","NH"
"CSN"," 405","NEE","A","36","ONLINE","12:35:00","14:20:00","N","N","Y","N","N","Hussein,Ali Abdulsattar","H","NH"
"CSN"," 405","NFF","A","36","K1270","13:30:00","15:15:00","Y","N","N","N","N","Hussein,Ali Abdulsattar","H","NH"
"CSN"," 405","NFF","A","36","ONLINE","11:40:00","13:25:00","N","Y","N","N","N","Hussein,Ali Abdulsattar","H","NH"
"CYT"," 130","NBB","A","36","K1263","08:55:00","11:35:00","N","N","N","N","N","Hyder,Feroz","H","NH"
"CYT"," 130","NCE","A","30","K1003","19:00:00","21:40:00","N","N","N","Y","N","Hyder,Feroz","H","NH"
"OPS"," 102","NCC","A","35","B1080","14:25:00","16:10:00","N","N","N","Y","N","Iram,Tania","P","NH"
"OPS"," 102","NCCL","A","35","K3264","10:45:00","12:30:00","N","Y","N","N","N","Iram,Tania","P","NH"
"BDA"," 420","NAA","A","45","K3240","16:15:00","18:55:00","N","N","Y","N","N","Jar,Marcel","FL","NH"
"BDB"," 650","NAA","A","40","A4526","12:35:00","15:15:00","N","N","Y","N","N","Jar,Marcel","P","NH"
"BTS"," 530","NAA","A","35","C3036","14:25:00","16:10:00","N","N","N","Y","N","Jar,Marcel","H","NH"
"BTS"," 530","NAA","A","35","ONLINE","15:20:00","17:05:00","N","Y","N","N","N","Jar,Marcel","H","NH"
"BTS"," 530","NBB","A","35","A4526","12:35:00","14:20:00","N","N","N","Y","N","Jar,Marcel","H","NH"
"BTS"," 530","NBB","A","35","ONLINE","11:40:00","13:25:00","N","Y","N","N","N","Jar,Marcel","H","NH"
"OPS"," 245","NEE","A","36","C2030","10:45:00","12:30:00","N","N","Y","N","N","Johnson,Christopher","P","NH"
"OPS"," 245","NEE","A","36","C2030","11:40:00","13:25:00","N","N","N","Y","N","Johnson,Christopher","P","NH"
"OPS"," 705","NAA","A","30","K2001","11:40:00","13:25:00","Y","N","N","N","N","Johnson,Christopher","FL","NH"
"OPS"," 705","NAAL","A","30","C4032","17:10:00","18:55:00","N","N","N","N","Y","Johnson,Christopher","P","NH"
"SPS"," 120","NAA","A","36","B1079","14:25:00","17:05:00","N","N","Y","N","N","Johnson,Christopher","P","NH"
"OPS"," 102","NDD","A","35","A3519","08:00:00","09:45:00","N","N","N","Y","N","Kaduri,Harvey M.F.C.","P","NH"
"OPS"," 102","NDDL","A","35","A3518","13:30:00","15:15:00","Y","N","N","N","N","Kaduri,Harvey M.F.C.","P","NH"
"OPS"," 102","NEE","A","35","K3264","08:00:00","09:45:00","N","N","N","N","Y","Kaduri,Harvey M.F.C.","P","NH"
"OPS"," 102","NEEL","A","35","K3264","11:40:00","13:25:00","Y","N","N","N","N","Kaduri,Harvey M.F.C.","P","NH"
"OPS"," 102","NFF","A","35","A3505","11:40:00","13:25:00","N","N","N","N","Y","Kaduri,Harvey M.F.C.","P","NH"
"OPS"," 102","NFFL","A","35","A1508","15:20:00","17:05:00","N","Y","N","N","N","Kaduri,Harvey M.F.C.","P","NH"
"OPS"," 102","NRA","A","35","A3500","11:40:00","13:25:00","N","Y","N","N","N","Kaduri,Harvey M.F.C.","P","NH"
"OPS"," 102","NRAL","A","35","C4032","13:30:00","15:15:00","N","N","N","N","Y","Kaduri,Harvey M.F.C.","P","NH"
"DAT"," 330","NAA","A","36","A1509A","15:20:00","17:05:00","N","Y","N","N","N","Kantaria,Parul","P","NH"
"DAT"," 330","NAA","A","36","A4515","17:10:00","18:55:00","Y","N","N","N","N","Kantaria,Parul","P","NH"
"DAT"," 330","NBB","A","36","A1509A","17:10:00","18:55:00","N","Y","N","N","N","Kantaria,Parul","P","NH"
"DAT"," 330","NBB","A","36","A4515","15:20:00","17:05:00","N","N","Y","N","N","Kantaria,Parul","P","NH"
"DAT"," 330","NCC","A","36","A1509","15:20:00","17:05:00","Y","N","N","N","N","Kantaria,Parul","P","NH"
"DAT"," 330","NCC","A","36","C3036","17:10:00","18:55:00","N","N","Y","N","N","Kantaria,Parul","P","NH"
"OPS"," 635","NAA","A","36","ONLINE","10:45:00","12:30:00","N","N","Y","N","N","Kara,Azzad","OB","NH"
"OPS"," 635","NAA","A","36","ONLINE","12:35:00","14:20:00","N","Y","N","N","N","Kara,Azzad","OB","NH"
"OSL"," 840","ZAA","A","36","A3519","08:00:00","09:45:00","N","N","Y","N","N","Kara,Azzad","FL","NH"
"OSL"," 840","ZAAL","A","36","C2034","09:50:00","11:35:00","N","Y","N","N","N","Kara,Azzad","P","NH"
"PRG"," 600","ZAA","A","36","A1509","13:30:00","15:15:00","Y","N","N","N","N","Kara,Azzad","P","NH"
"PRG"," 600","ZAA","A","36","A4515","12:35:00","14:20:00","N","N","N","N","Y","Kara,Azzad","P","NH"
"MST"," 100","NAA","A","36","C4032","12:35:00","14:20:00","N","N","N","Y","N","Karim,Lutful","P","NH"
"MST"," 100","NAA","A","36","C4030","10:45:00","12:30:00","N","N","Y","N","N","Karim,Lutful","P","NH"
"MST"," 100","NBB","A","36","C3032","09:50:00","11:35:00","Y","N","N","N","N","Karim,Lutful","P","NH"
"MST"," 100","NBB","A","36","C3032","12:35:00","14:20:00","N","N","Y","N","N","Karim,Lutful","P","NH"
"OPS"," 110","NAA","A","25","C3032","09:50:00","11:35:00","N","N","N","N","Y","Karim,Lutful","P","NH"
"OPS"," 110","NAA","A","25","A1509A","13:30:00","15:15:00","N","Y","N","N","N","Karim,Lutful","P","NH"
"OPS"," 110","NBB","A","25","C3034","09:50:00","11:35:00","N","N","N","Y","N","Karim,Lutful","P","NH"
"OPS"," 110","NBB","A","25","C3032","08:00:00","09:45:00","N","N","Y","N","N","Karim,Lutful","P","NH"
"DSA"," 456","NEE","A","35","B3089","08:00:00","09:45:00","Y","N","N","N","N","Karimi,Hamed","FL","NH"
"DSA"," 456","NEEL","A","35","B1031","13:30:00","15:15:00","N","N","N","N","Y","Karimi,Hamed","P","NH"
"DSA"," 456","NFF","A","35","A2520","08:00:00","09:45:00","N","Y","N","N","N","Karimi,Hamed","FL","NH"
"DSA"," 456","NFFL","A","35","B1031","15:20:00","17:05:00","N","N","N","N","Y","Karimi,Hamed","P","NH"
"ACS"," 730","NBB","A","36","C3034","17:10:00","18:55:00","Y","N","N","N","N","Karuppusamy,Dhanasekaran","P","NH"
"ACS"," 730","NBB","A","36","A3512","19:00:00","20:45:00","N","N","N","Y","N","Karuppusamy,Dhanasekaran","P","NH"
"MST"," 200","NAA","A","36","C3032","11:40:00","13:25:00","N","Y","N","N","N","Kaur,Poonam","P","NH"
"MST"," 200","NAA","A","36","C3032","14:25:00","16:10:00","N","N","Y","N","N","Kaur,Poonam","P","NH"
"CLO"," 700","NCE","A","25","C2036","17:10:00","18:55:00","N","N","Y","N","N","Kazemi,Hooshang","H","NH"
"CLO"," 700","NCE","A","25","ONLINE","17:10:00","18:55:00","N","Y","N","N","N","Kazemi,Hooshang","H","NH"
"CLO"," 800","NAA","A","30","C2034","17:10:00","18:55:00","Y","N","N","N","N","Kazemi,Hooshang","FL","NH"
"CLO"," 800","NAAL","A","30","A3519","17:10:00","18:55:00","N","N","N","Y","N","Kazemi,Hooshang","P","NH"
"CLO"," 800","NBB","A","30","C2036","15:20:00","17:05:00","Y","N","N","N","N","Kazemi,Hooshang","FL","NH"
"CLO"," 800","NBBL","A","30","A4518","15:20:00","17:05:00","N","N","Y","N","N","Kazemi,Hooshang","P","NH"
"CPO"," 550","NAA","A","36","ONLINE","11:40:00","13:25:00","Y","N","N","N","N","Kazemi,Hooshang","OB","NH"
"CPO"," 550","NAA","A","36","ONLINE","09:50:00","11:35:00","N","N","N","N","Y","Kazemi,Hooshang","OB","NH"
"OOP"," 244","NRA","A","38","B3089","08:00:00","09:45:00","N","Y","N","N","N","Kazmi,Madiha","P","NH"
"OOP"," 244","NRAL","A","38","A1509A","13:30:00","15:15:00","N","N","N","N","Y","Kazmi,Madiha","P","NH"
"OOP"," 345","NEE","A","35","B1080","17:10:00","18:55:00","Y","N","N","N","N","Kazmi,Madiha","FL","NH"
"OOP"," 345","NEEL","A","35","K3274","15:20:00","17:05:00","N","N","N","N","Y","Kazmi,Madiha","P","NH"
"OOP"," 345","NFF","A","35","D3052","13:30:00","15:15:00","Y","N","N","N","N","Kazmi,Madiha","FL","NH"
"OOP"," 345","NFFL","A","35","A3512","17:10:00","18:55:00","N","N","N","N","Y","Kazmi,Madiha","P","NH"
"AIG"," 100","NAA","A","25","K3110","10:45:00","12:30:00","Y","N","N","N","N","Kerr,Reid Charles","FL","NH"
"AIG"," 100","NAAL","A","25","A4513","13:30:00","15:15:00","N","N","Y","N","N","Kerr,Reid Charles","P","NH"
"BDA"," 450","NAA","A","44","B4021","08:00:00","10:40:00","Y","N","N","N","N","Kerr,Reid Charles","FL","NH"
"CYT"," 215","NBB","A","36","K1263","19:55:00","21:40:00","Y","N","N","N","N","Khakpour,Sanaz","P","NH"
"CYT"," 215","NBB","A","36","K1263","18:05:00","19:50:00","N","Y","N","N","N","Khakpour,Sanaz","P","NH"
"CPR"," 101","NFF","A","35","A4516","11:40:00","14:20:00","Y","N","N","N","N","Khan,Nargis","P","NH"
"PRJ"," 566","NAA","A","40","ONLINE","15:20:00","17:05:00","Y","N","N","N","N","Khatri,Saurabhkumar","H","NH"
"PRJ"," 566","NAA","A","40","B1031","15:20:00","17:05:00","N","N","Y","N","N","Khatri,Saurabhkumar","H","NH"
"PRJ"," 666","NAA","A","35","B1031","13:30:00","15:15:00","N","N","Y","N","N","Khatri,Saurabhkumar","H","NH"
"PRJ"," 666","NAA","A","35","ONLINE","13:30:00","15:15:00","Y","N","N","N","N","Khatri,Saurabhkumar","H","NH"
"DSA"," 456","NCC","A","35","K1271","15:20:00","17:05:00","N","Y","N","N","N","Khojasteh,Mohammadreza","FL","NH"
"DSA"," 456","NCCL","A","35","B1024","13:30:00","15:15:00","N","N","N","N","Y","Khojasteh,Mohammadreza","P","NH"
"OOP"," 244","NBB","A","35","A4507","09:50:00","11:35:00","N","Y","N","N","N","Khojasteh,Mohammadreza","P","NH"
"OOP"," 244","NBBL","A","35","A1509A","09:50:00","11:35:00","N","N","N","N","Y","Khojasteh,Mohammadreza","P","NH"
"OOP"," 244","NCC","A","35","A2518","13:30:00","15:15:00","N","Y","N","N","N","Khojasteh,Mohammadreza","P","NH"
"OOP"," 244","NCCL","A","35","A4513","11:40:00","13:25:00","N","N","N","N","Y","Khojasteh,Mohammadreza","P","NH"
"AIG"," 240","NAA","A","20","B3089","17:10:00","18:55:00","Y","N","N","N","N","Khosravani,Saeid","FL","NH"
"AIG"," 240","NAAL","A","20","C4034","16:15:00","18:00:00","N","N","N","N","Y","Khosravani,Saeid","P","NH"
"DPS"," 941","NSA","A","15","K3263","17:10:00","18:55:00","N","Y","N","N","N","Khosravani,Saeid","FL","NH"
"DPS"," 941","NSAL","A","15","A4526","16:15:00","18:00:00","N","N","N","Y","N","Khosravani,Saeid","P","NH"
"SDR"," 520","NSA","A","20","K3263","17:10:00","18:55:00","N","Y","N","N","N","Khosravani,Saeid","FL","NH"
"SDR"," 520","NSAL","A","20","A4526","16:15:00","18:00:00","N","N","N","Y","N","Khosravani,Saeid","P","NH"
"MAP"," 524","NSA","A","40","ONLINE","11:40:00","13:25:00","N","N","Y","N","N","Khurmi,Kunwar Navtej Singh","OS","NH"
"MAP"," 524","NSA","A","40","ONLINE","13:30:00","15:15:00","Y","N","N","N","N","Khurmi,Kunwar Navtej Singh","OS","NH"
"MAP"," 524","NSC","A","35","ONLINE","08:00:00","09:45:00","Y","N","Y","N","N","Khurmi,Kunwar Navtej Singh","OS","NH"
"DBS"," 501","NSA","A","40","ONLINE","13:30:00","15:15:00","Y","N","N","N","N","King,Les","OS","NH"
"DBS"," 501","NSA","A","40","ONLINE","11:40:00","13:25:00","N","N","Y","N","N","King,Les","OS","NH"
"PMC"," 444","NBB","A","40","B3046","15:20:00","17:05:00","N","Y","N","N","N","Kishore,Krishna","FL","NH"
"PMC"," 444","NBBL","A","40","A3516","13:30:00","15:15:00","N","N","N","N","Y","Kishore,Krishna","P","NH"
"PMC"," 444","NCC","A","38","K3100","13:30:00","15:15:00","N","Y","N","N","N","Kishore,Krishna","FL","NH"
"PMC"," 444","NCCL","A","38","A1509A","11:40:00","13:25:00","N","N","N","N","Y","Kishore,Krishna","P","NH"
"BDA"," 600","NAA","A","35","K3005","14:25:00","17:05:00","N","Y","N","N","N","Koochemeshkian,Pantea","FL","NH"
"BDM"," 150","NAA","A","25","A4526","09:50:00","12:30:00","N","N","Y","N","N","Koochemeshkian,Pantea","P","NH"
"BDM"," 200","NAA","A","35","C3036","10:45:00","12:30:00","N","N","N","Y","N","Koochemeshkian,Pantea","P","NH"
"BDM"," 200","NAA","A","35","A4513","08:00:00","09:45:00","N","N","Y","N","N","Koochemeshkian,Pantea","P","NH"
"CYT"," 215","NCC","A","36","K1003","15:20:00","17:05:00","N","N","N","N","Y","Kouamegne Tchemou,Guy Martial","P","NH"
"CYT"," 215","NCC","A","36","K1272","17:10:00","18:55:00","N","Y","N","N","N","Kouamegne Tchemou,Guy Martial","P","NH"
"DPS"," 931","NSA","A","40","A4501","11:40:00","13:25:00","Y","N","N","N","N","Kougioumtzoglou,Georgios","FL","NH"
"DPS"," 931","NSAL","A","40","A3519","09:50:00","11:35:00","N","N","Y","N","N","Kougioumtzoglou,Georgios","P","NH"
"GAM"," 536","NSA","A","35","ONLINE","11:40:00","13:25:00","N","N","Y","N","N","Kougioumtzoglou,Georgios","OS","NH"
"GAM"," 536","NSA","A","35","ONLINE","09:50:00","11:35:00","N","Y","N","N","N","Kougioumtzoglou,Georgios","OS","NH"
"WEB"," 222","NCC","A","36","A2534","09:50:00","11:35:00","Y","N","N","N","Y","Kougioumtzoglou,Georgios","P","NH"
"CSN"," 105","NBB","A","36","K1005","13:30:00","15:15:00","N","N","N","Y","N","Kubba,Nagham","P","NH"
"CSN"," 105","NBB","A","36","K1005","15:20:00","17:05:00","N","N","Y","N","N","Kubba,Nagham","P","NH"
"MTH"," 230","NAA","A","30","K3280","16:15:00","18:55:00","N","N","N","Y","N","Kubba,Nagham","P","NH"
"MTH"," 230","NBB","A","30","A4511","10:45:00","13:25:00","N","Y","N","N","N","Kubba,Nagham","P","NH"
"CPR"," 101","NAA","A","35","K3274","13:30:00","16:10:00","Y","N","N","N","N","Kucharczuk,John","P","NH"
"CPR"," 101","NBB","A","35","C3030","08:00:00","10:40:00","N","Y","N","N","N","Kucharczuk,John","P","NH"
"CPR"," 101","NCC","A","35","C4030","16:15:00","18:55:00","N","N","Y","N","N","Kucharczuk,John","P","NH"
"CPR"," 101","NDD","A","35","A4515","08:55:00","11:35:00","Y","N","N","N","N","Kucharczuk,John","P","NH"
"FNC"," 750","NCE","A","31","B1093","18:05:00","20:45:00","N","N","Y","N","N","Kwong,James","P","NH"
"SYS"," 210","NAA","A","36","C3032","09:50:00","11:35:00","N","Y","N","N","N","Kwong,James","P","NH"
"SYS"," 210","NAA","A","36","A4512","13:30:00","15:15:00","N","N","Y","N","N","Kwong,James","P","NH"
"SYS"," 210","NBB","A","36","C3030","09:50:00","11:35:00","N","N","Y","N","N","Kwong,James","P","NH"
"SYS"," 210","NBB","A","36","K1005","13:30:00","15:15:00","N","N","N","N","Y","Kwong,James","P","NH"
"DEN"," 502","NSB","A","40","ONLINE","17:10:00","18:55:00","N","Y","N","N","N","Labib,Mina Mounir Wahba","OS","NH"
"DEN"," 502","NSB","A","40","ONLINE","16:15:00","18:00:00","N","N","N","Y","N","Labib,Mina Mounir Wahba","OS","NH"
"SYD"," 366","NGG","A","35","B1020","14:25:00","16:10:00","N","N","N","N","Y","Laffan,Cassandra Frances","FL","NH"
"SYD"," 366","NGGL","A","35","A4512","17:10:00","18:55:00","N","Y","N","N","N","Laffan,Cassandra Frances","P","NH"
"MEC"," 110","NAA","A","25","A3089","15:20:00","17:05:00","Y","N","N","N","N","Lau,Ka Ki","P","NH"
"MEC"," 110","NAA","A","25","B4085","15:20:00","17:05:00","N","N","Y","N","N","Lau,Ka Ki","P","NH"
"MEC"," 110","NAA","A","25","A3089","08:55:00","10:40:00","N","N","N","Y","N","Lau,Ka Ki","P","NH"
"SEP"," 600","NAAL","A","24","A4069","12:35:00","14:20:00","N","N","Y","N","N","Lau,Ka Ki","P","NH"
"SEP"," 600","NAB","A","35","B3090","17:10:00","18:55:00","Y","N","N","N","N","Lau,Ka Ki","P","NH"
"SES"," 250","NAA","A","24","B4085","13:30:00","15:15:00","Y","N","N","N","N","Lau,Ka Ki","P","NH"
"SES"," 250","NAA","A","24","A4069","08:55:00","10:40:00","N","Y","N","N","N","Lau,Ka Ki","P","NH"
"SES"," 250","NAAL","A","24","A4069","11:40:00","13:25:00","N","N","N","Y","N","Lau,Ka Ki","P","NH"
"SYD"," 366","NAA","A","40","A4501","11:40:00","13:25:00","N","N","N","N","Y","Laurin,Cindy","FL","NH"
"SYD"," 366","NAAL","A","40","C4030","14:25:00","16:10:00","N","N","Y","N","N","Laurin,Cindy","P","NH"
"SYD"," 466","NAA","A","40","A2520","15:20:00","17:05:00","N","N","N","N","Y","Laurin,Cindy","FL","NH"
"SYD"," 466","NAAL","A","40","A3519","13:30:00","15:15:00","N","Y","N","N","N","Laurin,Cindy","P","NH"
"SYD"," 466","NBB","A","40","B3088","11:40:00","13:25:00","N","N","Y","N","N","Laurin,Cindy","FL","NH"
"SYD"," 466","NBBL","A","40","C3036","09:50:00","11:35:00","N","Y","N","N","N","Laurin,Cindy","P","NH"
"DSA"," 456","NAA","A","35","K2241","09:50:00","11:35:00","N","N","Y","N","N","Leung,Catherine","FL","NH"
"DSA"," 456","NAAL","A","35","B3040","09:50:00","11:35:00","N","N","N","N","Y","Leung,Catherine","P","NH"
"DSA"," 456","NRA","A","20","D1010","11:40:00","13:25:00","N","Y","N","N","N","Leung,Catherine","FL","NH"
"DSA"," 456","NRAL","A","20","B3040","15:20:00","17:05:00","N","N","N","N","Y","Leung,Catherine","P","NH"
"IPC"," 144","NCC","A","35","A3504","13:30:00","15:15:00","N","N","Y","N","N","Leung,Catherine","P","NH"
"IPC"," 144","NCCL","A","35","A4526","11:40:00","13:25:00","N","N","N","N","Y","Leung,Catherine","P","NH"
"DCN"," 230","NAA","A","36","B1083","08:00:00","08:50:00","N","N","N","Y","N","Li,Xiaoli","FL","NH"
"DCN"," 230","NAAL","A","36","K1001","09:50:00","12:30:00","N","N","Y","N","N","Li,Xiaoli","P","NH"
"DCN"," 330","NAA","A","15","K3263","10:45:00","11:35:00","N","N","N","Y","N","Li,Xiaoli","FL","NH"
"DCN"," 330","NAAL","A","15","K1001","11:40:00","14:20:00","Y","N","N","N","N","Li,Xiaoli","P","NH"
"RIS"," 440","NAA","A","28","ONLINE","11:40:00","12:30:00","N","Y","N","N","N","Li,Xiaoli","H","NH"
"RIS"," 440","NAA","A","28","K1263","15:20:00","18:00:00","Y","N","N","N","N","Li,Xiaoli","H","NH"
"RIS"," 440","NBB","A","28","ONLINE","12:35:00","13:25:00","N","N","N","Y","N","Li,Xiaoli","H","NH"
"RIS"," 440","NBB","A","28","K1263","12:35:00","15:15:00","N","N","Y","N","N","Li,Xiaoli","H","NH"
"DBS"," 211","NEE","A","35","A3505","11:40:00","13:25:00","Y","N","N","N","N","Li,Yufeng","P","NH"
"DBS"," 211","NEEL","A","35","K3264","09:50:00","11:35:00","N","N","Y","N","N","Li,Yufeng","P","NH"
"DBS"," 311","NEE","A","35","K2241","08:00:00","09:45:00","N","N","N","Y","N","Li,Yufeng","FL","NH"
"DBS"," 311","NEEL","A","35","C3036","11:40:00","13:25:00","N","Y","N","N","N","Li,Yufeng","P","NH"
"DBS"," 311","NFF","A","35","A3065","08:00:00","09:45:00","N","N","Y","N","N","Li,Yufeng","FL","NH"
"DBS"," 311","NFFL","A","35","C3032","15:20:00","17:05:00","Y","N","N","N","N","Li,Yufeng","P","NH"
"DBS"," 311","NGG","A","35","K2001","11:40:00","13:25:00","N","N","N","Y","N","Li,Yufeng","FL","NH"
"DBS"," 311","NGGL","A","35","A3512","13:30:00","15:15:00","N","Y","N","N","N","Li,Yufeng","P","NH"
"BAB"," 100","NAA","A","35","A3505","11:40:00","14:20:00","N","Y","N","N","N","Lichter,Sanford","P","NH"
"BAB"," 235","NAA","A","35","K1271","08:00:00","10:40:00","N","N","N","Y","N","Lichter,Sanford","FL","NH"
"ADM"," 950","ZAA","A","36","A4519","11:40:00","13:25:00","Y","N","N","N","N","Lockhart-Thompson,Ryan","FL","NH"
"ADM"," 950","ZAAL","A","36","C4032","12:35:00","14:20:00","N","Y","N","N","N","Lockhart-Thompson,Ryan","P","NH"
"CSN"," 305","NCC","A","36","K1270","08:00:00","11:35:00","N","N","Y","N","N","Lockhart-Thompson,Ryan","P","NH"
"CSN"," 305","NDD","A","36","K1270","08:00:00","11:35:00","N","N","N","Y","N","Lockhart-Thompson,Ryan","P","NH"
"CSN"," 305","NAA","A","36","K1270","11:40:00","15:15:00","N","N","Y","N","N","Lombo,Andres","P","NH"
"CSN"," 305","NBB","A","36","K1270","12:35:00","16:10:00","N","N","N","N","Y","Lombo,Andres","P","NH"
"DCN"," 420","NAA","A","10","K1270","14:25:00","16:10:00","N","N","N","Y","N","Lombo,Andres","P","NH"
"DCN"," 420","NAA","A","10","K1270","10:45:00","12:30:00","N","N","N","N","Y","Lombo,Andres","P","NH"
"DPI"," 905","NIA","A","15","ONLINE","13:30:00","14:20:00","N","Y","N","N","N","Lombo,Andres","H","NH"
"DPI"," 905","NIA","A","15","K1001","11:40:00","14:20:00","N","N","N","Y","N","Lombo,Andres","H","NH"
"OPS"," 345","NAA","A","36","C2030","13:30:00","15:15:00","N","N","N","Y","N","Lu,Duo","P","NH"
"OPS"," 345","NAA","A","36","C2036","13:30:00","15:15:00","Y","N","N","N","N","Lu,Duo","P","NH"
"OPS"," 445","NCC","A","36","ONLINE","09:50:00","11:35:00","N","N","N","N","Y","Lu,Duo","OB","NH"
"OPS"," 445","NCC","A","36","ONLINE","10:45:00","12:30:00","N","N","N","Y","N","Lu,Duo","OB","NH"
"OSL"," 840","ZBB","A","35","A4518","17:10:00","18:55:00","N","Y","N","N","N","Lu,Duo","FL","NH"
"OSL"," 840","ZBBL","A","36","C2030","09:50:00","11:35:00","Y","N","N","N","N","Lu,Duo","P","NH"
"MST"," 200","NCC","A","36","C4032","09:50:00","11:35:00","N","Y","N","N","N","Maboudi,Mehdi","H","NH"
"MST"," 200","NCC","A","36","ONLINE","08:00:00","09:45:00","N","N","N","Y","N","Maboudi,Mehdi","H","NH"
"OSM"," 720","ZAA","A","36","ONLINE","17:10:00","18:55:00","N","N","N","N","Y","Maboudi,Mehdi","OB","NH"
"OSM"," 720","ZAAL","A","36","A4512","11:40:00","13:25:00","N","Y","N","N","N","Maboudi,Mehdi","FL","NH"
"CAP"," 805","NAA","A","30","B3044","08:00:00","09:45:00","N","N","Y","N","N","Macdonald,Clint","FL","NH"
"CAP"," 805","NAAL","A","30","A3527","09:50:00","11:35:00","N","N","N","N","Y","Macdonald,Clint","P","NH"
"DES"," 720","NAA","A","30","A3050","16:15:00","18:55:00","N","Y","N","N","N","Macdonald,Clint","FL","NH"
"DES"," 720","NAAL","A","30","A3518","15:20:00","18:00:00","N","N","N","Y","N","Macdonald,Clint","P","NH"
"DBS"," 211","NFF","A","35","A4504","13:30:00","15:15:00","N","Y","N","N","N","Manzer,Ayesha","P","NH"
"DBS"," 211","NFFL","A","35","C4030","15:20:00","17:05:00","N","N","N","Y","N","Manzer,Ayesha","P","NH"
"DBS"," 211","NGG","A","35","K3265","11:40:00","13:25:00","Y","N","N","N","N","Manzer,Ayesha","P","NH"
"DBS"," 211","NGGL","A","35","A4515","13:30:00","15:15:00","N","N","N","Y","N","Manzer,Ayesha","P","NH"
"DBS"," 311","NHH","A","40","A2520","08:00:00","09:45:00","N","N","Y","N","N","Manzer,Ayesha","FL","NH"
"DBS"," 311","NHHL","A","40","A3512","14:25:00","16:10:00","Y","N","N","N","N","Manzer,Ayesha","P","NH"
"AIG"," 110","NAA","A","25","K2001","15:20:00","17:05:00","N","Y","N","N","N","Maraj,Amit","FL","NH"
"AIG"," 110","NAAL","A","25","C4034","15:20:00","17:05:00","N","N","N","Y","N","Maraj,Amit","P","NH"
"AIG"," 120","NAA","A","25","ONLINE","12:35:00","14:20:00","N","N","N","N","Y","Maraj,Amit","OS","NH"
"AIG"," 120","NAA","A","25","ONLINE","08:55:00","10:40:00","Y","N","N","N","N","Maraj,Amit","OS","NH"
"AIG"," 200","NAA","A","20","A2520","17:10:00","18:55:00","N","Y","N","N","N","Maraj,Amit","FL","NH"
"AIG"," 200","NAAL","A","20","A4516","17:10:00","18:55:00","N","N","N","Y","N","Maraj,Amit","P","NH"
"SPR"," 320","NAA","A","15","K1003","08:00:00","10:40:00","N","N","Y","N","N","Martin,Mike","H","NH"
"SPR"," 320","NAA","A","15","ONLINE","10:45:00","11:35:00","Y","N","N","N","N","Martin,Mike","H","NH"
"WAS"," 600","NAA","A","20","ONLINE","14:25:00","16:10:00","N","N","N","N","Y","Martin,Mike","OB","NH"
"WAS"," 600","NAA","A","20","ONLINE","16:15:00","18:00:00","N","Y","N","N","N","Martin,Mike","OB","NH"
"CSP"," 450","NBB","A","36","K1270","08:00:00","10:40:00","N","N","N","N","Y","Maurice,Sebastian","H","NH"
"CSP"," 450","NBB","A","36","ONLINE","13:30:00","14:20:00","Y","N","N","N","N","Maurice,Sebastian","H","NH"
"CSP"," 450","NCC","A","36","K1270","15:20:00","18:00:00","Y","N","N","N","N","Maurice,Sebastian","H","NH"
"CSP"," 450","NCC","A","36","ONLINE","13:30:00","14:20:00","N","Y","N","N","N","Maurice,Sebastian","H","NH"
"CSP"," 450","NDD","A","36","ONLINE","12:35:00","13:25:00","N","N","Y","N","N","Maurice,Sebastian","H","NH"
"CSP"," 450","NDD","A","36","K1270","16:15:00","18:55:00","N","N","N","N","Y","Maurice,Sebastian","H","NH"
"PMC"," 230","NCE","A","31","A3516","19:55:00","21:40:00","Y","N","N","N","N","McDonald,Miles","H","NH"
"PMC"," 230","NCE","A","31","ONLINE","11:40:00","12:30:00","N","N","N","N","N","McDonald,Miles","H","NH"
"PRG"," 800","ZAA","A","36","ONLINE","09:50:00","10:40:00","N","N","N","N","Y","McDonald,Miles","H","NH"
"PRG"," 800","ZAA","A","36","C3034","09:50:00","12:30:00","N","N","Y","N","N","McDonald,Miles","H","NH"
"IPC"," 144","NDD","A","40","A3067","12:35:00","14:20:00","N","Y","N","N","N","McKenna,Timothy Joseph","P","NH"
"IPC"," 144","NDDL","A","40","C3034","15:20:00","17:05:00","N","N","N","Y","N","McKenna,Timothy Joseph","P","NH"
"IPC"," 144","NEE","A","40","B4059","09:50:00","11:35:00","N","N","Y","N","N","McKenna,Timothy Joseph","P","NH"
"IPC"," 144","NEEL","A","40","A4083","12:35:00","14:20:00","N","N","N","N","Y","McKenna,Timothy Joseph","P","NH"
"IPC"," 144","NFF","A","40","A3069","08:00:00","09:45:00","N","N","Y","N","N","McKenna,Timothy Joseph","P","NH"
"IPC"," 144","NFFL","A","40","A3512","14:25:00","16:10:00","N","N","N","N","Y","McKenna,Timothy Joseph","P","NH"
"IPC"," 144","NGG","A","40","K3280","08:55:00","10:40:00","N","Y","N","N","N","McKenna,Timothy Joseph","P","NH"
"IPC"," 144","NGGL","A","40","C3034","13:30:00","15:15:00","N","N","N","Y","N","McKenna,Timothy Joseph","P","NH"
"CPO"," 570","NAA","A","36","ONLINE","08:00:00","09:45:00","N","N","N","Y","N","Mehboob Hirji,Ali Abbas","OB","NH"
"CPO"," 570","NAA","A","36","ONLINE","09:50:00","11:35:00","N","Y","N","N","N","Mehboob Hirji,Ali Abbas","OB","NH"
"CYT"," 200","NBB","A","36","B3092","19:00:00","20:45:00","N","N","N","Y","Y","Mehboob Hirji,Ali Abbas","P","NH"
"WEB"," 322","NII","A","40","D1010","15:20:00","17:05:00","N","Y","N","N","N","Meritt,Mark","FL","NH"
"WEB"," 322","NIIL","A","40","A3527","11:40:00","13:25:00","N","N","Y","N","N","Meritt,Mark","P","NH"
"WEB"," 322","NJJ","A","40","B1020","12:35:00","14:20:00","N","Y","N","N","N","Meritt,Mark","FL","NH"
"WEB"," 322","NJJL","A","40","A3527","13:30:00","15:15:00","N","N","Y","N","N","Meritt,Mark","P","NH"
"SEC"," 220","NCC","A","36","K1003","16:15:00","18:00:00","Y","N","N","N","N","Mesan,Marcus","P","NH"
"SEC"," 220","NCC","A","36","K1272","17:10:00","18:55:00","N","N","N","Y","N","Mesan,Marcus","P","NH"
"CYT"," 275","NCC","A","36","ONLINE","15:20:00","17:05:00","N","N","Y","N","N","Min,Jacky Chao","OB","NH"
"CYT"," 275","NCE","A","25","ONLINE","17:10:00","18:55:00","N","N","Y","N","N","Min,Jacky Chao","OB","NH"
"BAB"," 905","NAA","A","35","A3513","10:45:00","13:25:00","N","N","N","N","Y","Mishra,Brijesh","FL","NH"
"BMT"," 850","NAA","A","30","A3513","08:00:00","10:40:00","Y","N","N","N","N","Mishra,Brijesh","FL","NH"
"SEC"," 220","NBB","A","36","K1272","11:40:00","13:25:00","Y","N","N","N","N","Mohamadi,Homayoun","P","NH"
"SEC"," 220","NBB","A","36","K1003","15:20:00","17:05:00","N","N","Y","N","N","Mohamadi,Homayoun","P","NH"
"SEC"," 320","NAA","A","36","K1272","15:20:00","17:05:00","Y","N","N","Y","N","Mohamadi,Homayoun","P","NH"
"SEC"," 320","NBB","A","36","K1272","17:10:00","18:55:00","N","N","Y","N","N","Mohamadi,Homayoun","P","NH"
"SEC"," 320","NBB","A","36","K1272","13:30:00","15:15:00","N","N","N","Y","N","Mohamadi,Homayoun","P","NH"
"BTL"," 300","NBB","A","35","ONLINE","15:20:00","17:05:00","N","Y","N","N","N","Mohanraj,Suluxan","H","NH"
"BTL"," 300","NBB","A","35","A4518","11:40:00","13:25:00","N","N","N","N","Y","Mohanraj,Suluxan","H","NH"
"BTL"," 300","NCC","A","35","A1509A","12:35:00","14:20:00","N","N","N","Y","N","Mohanraj,Suluxan","H","NH"
"BTL"," 300","NCC","A","35","ONLINE","08:00:00","09:45:00","Y","N","N","N","N","Mohanraj,Suluxan","H","NH"
"MST"," 400","NFF","A","36","ONLINE","17:10:00","18:55:00","N","Y","N","N","N","Moreno,Sebastian","H","NH"
"MST"," 400","NFF","A","36","A3513","12:35:00","14:20:00","N","N","N","Y","N","Moreno,Sebastian","H","NH"
"OSM"," 820","ZBB","A","36","ONLINE","10:45:00","12:30:00","N","N","N","Y","N","Moreno,Sebastian","OB","NH"
"OSM"," 820","ZBB","A","36","ONLINE","14:25:00","16:10:00","N","N","N","N","Y","Moreno,Sebastian","OB","NH"
"OSM"," 820","ZCC","A","36","ONLINE","15:20:00","17:05:00","N","Y","N","N","N","Moreno,Sebastian","OB","NH"
"OSM"," 820","ZCC","A","36","ONLINE","17:10:00","18:55:00","Y","N","N","N","N","Moreno,Sebastian","OB","NH"
"SEA"," 100","NAA","A","30","A3516","12:35:00","14:20:00","N","N","Y","N","N","Moslemi,Amir","P","NH"
"SEA"," 100","NAA","A","30","A4504","13:30:00","15:15:00","Y","N","N","N","N","Moslemi,Amir","P","NH"
"SEA"," 400","NAA","A","30","A1509","08:00:00","09:45:00","N","N","N","N","Y","Movahedi,Vida","P","NH"
"SEA"," 400","NAA","A","30","K3170","11:40:00","13:25:00","N","N","Y","N","N","Movahedi,Vida","P","NH"
"SEA"," 600","NAA","A","35","A3515","13:30:00","15:15:00","N","N","N","N","Y","Movahedi,Vida","P","NH"
"SEA"," 600","NAA","A","35","K3170","12:35:00","14:20:00","N","N","N","Y","N","Movahedi,Vida","P","NH"
"PFC"," 710","NCE","A","25","A1509","08:55:00","11:35:00","N","N","N","N","N","Muralidharan,Bhargava","P","NH"
"BDA"," 850","NAA","A","25","A4516","14:25:00","17:05:00","N","N","Y","N","N","Muthalaly,Reena Shaw","P","NH"
"BDP"," 200","NAA","A","35","C3032","09:50:00","12:30:00","N","N","Y","N","N","Muthalaly,Reena Shaw","P","NH"
"CYT"," 160","NIA","A","36","C2036","14:25:00","16:10:00","N","N","N","Y","Y","Naghizadeh Qomi,Saeed","P","NH"
"SPR"," 100","NBB","A","25","K1003","11:40:00","13:25:00","N","N","N","Y","N","Naghizadeh Qomi,Saeed","P","NH"
"SPR"," 100","NBB","A","25","K1272","11:40:00","13:25:00","N","Y","N","N","N","Naghizadeh Qomi,Saeed","P","NH"
"OOP"," 345","NII","A","35","A2505","13:30:00","15:15:00","N","N","N","Y","N","Nanayakkara,Madhusha Sashinath","FL","NH"
"OOP"," 345","NIIL","A","35","A1508","13:30:00","15:15:00","Y","N","N","N","N","Nanayakkara,Madhusha Sashinath","P","NH"
"OOP"," 345","NJJ","A","35","K3110","15:20:00","17:05:00","N","N","N","N","Y","Nanayakkara,Madhusha Sashinath","FL","NH"
"OOP"," 345","NJJL","A","35","A4513","15:20:00","17:05:00","Y","N","N","N","N","Nanayakkara,Madhusha Sashinath","P","NH"
"SEC"," 220","NEE","A","36","K1272","08:00:00","09:45:00","N","N","N","Y","Y","Nayebi,Pantea","P","NH"
"SEC"," 320","NCC","A","36","K1272","09:50:00","11:35:00","N","N","N","Y","Y","Nayebi,Pantea","P","NH"
"SEC"," 400","NAA","A","36","K1263","11:40:00","13:25:00","N","N","N","Y","Y","Nayebi,Pantea","P","NH"
"NWK"," 780","ZAA","A","23","K1001","16:15:00","18:55:00","N","N","N","Y","N","Nekoomanesh Fard,Rambod","H","NH"
"NWK"," 780","ZAA","A","23","ONLINE","16:15:00","17:05:00","N","N","N","N","Y","Nekoomanesh Fard,Rambod","H","NH"
"CYT"," 260","NCE","A","25","ONLINE","08:55:00","09:45:00","N","N","N","N","N","Nelson,Timothy","OB","NH"
"CPO"," 520","NAA","A","36","C3032","17:10:00","18:55:00","Y","N","N","N","N","Nezhad,Alireza Ali Akbar","H","NH"
"CPO"," 520","NAA","A","36","ONLINE","12:35:00","14:20:00","N","N","Y","N","N","Nezhad,Alireza Ali Akbar","H","NH"
"CSP"," 450","NEE","A","36","ONLINE","10:45:00","11:35:00","N","N","N","Y","N","Nezhad,Alireza Ali Akbar","H","NH"
"CSP"," 450","NEE","A","36","K1270","09:50:00","12:30:00","N","Y","N","N","N","Nezhad,Alireza Ali Akbar","H","NH"
"DCN"," 230","NBB","A","36","A2505","16:15:00","17:05:00","Y","N","N","N","N","Nezhad,Alireza Ali Akbar","FL","NH"
"DCN"," 230","NBBL","A","36","K1001","12:35:00","15:15:00","N","Y","N","N","N","Nezhad,Alireza Ali Akbar","P","NH"
"MTH"," 130","NAA","A","36","D1010","14:25:00","16:10:00","Y","N","N","N","N","Ng,Wai Hin","P","NH"
"OOP"," 345","NGG","A","35","K1271","09:50:00","11:35:00","N","N","N","N","Y","Nooruddin,Mohammed","FL","NH"
"OOP"," 345","NGGL","A","35","C3034","13:30:00","15:15:00","Y","N","N","N","N","Nooruddin,Mohammed","P","NH"
"UNX"," 511","NSA","A","40","ONLINE","09:50:00","11:35:00","N","Y","N","N","N","Nooruddin,Mohammed","OS","NH"
"UNX"," 511","NSA","A","40","ONLINE","11:40:00","13:25:00","N","N","N","Y","N","Nooruddin,Mohammed","OS","NH"
"AIG"," 130","NAA","A","25","K3263","13:30:00","15:15:00","Y","N","N","N","N","Norouzi,Asadollah","FL","NH"
"AIG"," 130","NAAL","A","25","A1509A","15:20:00","17:05:00","N","N","Y","N","N","Norouzi,Asadollah","P","NH"
"AIG"," 220","NAA","A","20","B3089","15:20:00","17:05:00","Y","N","N","N","N","Norouzi,Asadollah","FL","NH"
"AIG"," 220","NAAL","A","20","A3512","11:40:00","13:25:00","N","N","Y","N","N","Norouzi,Asadollah","P","NH"
"DPS"," 955","NSA","A","40","A2504","17:10:00","18:55:00","N","Y","N","N","N","Norouzi,Asadollah","FL","NH"
"DPS"," 955","NSAL","A","40","A4515","16:15:00","18:00:00","N","N","N","Y","N","Norouzi,Asadollah","P","NH"
"CHM"," 300","NCCL","A","20","A4067","08:00:00","10:40:00","N","N","N","Y","N","Norville,Giselle","P","NH"
"CHM"," 300","NCD","A","30","A4504","08:00:00","10:40:00","Y","N","N","N","N","Norville,Giselle","P","NH"
"CHM"," 300","NDDL","A","20","A4067","12:35:00","15:15:00","N","N","N","Y","N","Norville,Giselle","P","NH"
"SEP"," 600","NBBL","A","24","A4069","17:10:00","18:55:00","N","N","N","Y","N","Obaid,Arif","P","NH"
"PMC"," 240","NCE","A","31","C2036","18:05:00","20:45:00","N","Y","N","N","N","Oraha,Mishail","P","NH"
"MST"," 300","NAA","A","36","C3034","11:40:00","13:25:00","N","N","N","Y","N","Orimoloye,Omotola","P","NH"
"MST"," 300","NAA","A","36","C3034","12:35:00","14:20:00","N","N","N","N","Y","Orimoloye,Omotola","P","NH"
"MST"," 300","NBB","A","36","A1509","13:30:00","15:15:00","N","Y","N","N","N","Orimoloye,Omotola","P","NH"
"MST"," 300","NBB","A","36","C3034","10:45:00","12:30:00","N","N","N","N","Y","Orimoloye,Omotola","P","NH"
"MST"," 400","NAA","A","36","ONLINE","11:40:00","13:25:00","Y","N","N","N","N","Orimoloye,Omotola","H","NH"
"MST"," 400","NAA","A","36","C3030","09:50:00","11:35:00","N","N","N","Y","N","Orimoloye,Omotola","H","NH"
"CYT"," 180","NCE","A","30","C2030","17:10:00","18:55:00","N","Y","N","N","N","Outkina,Tatiana","H","NH"
"CYT"," 180","NCE","A","30","ONLINE","17:10:00","18:55:00","N","N","Y","N","N","Outkina,Tatiana","H","NH"
"CYT"," 250","NBB","A","36","K1263","18:05:00","19:50:00","Y","N","N","N","N","Outkina,Tatiana","P","NH"
"CYT"," 250","NBB","A","36","K1263","19:55:00","21:40:00","N","Y","N","N","N","Outkina,Tatiana","P","NH"
"CYT"," 250","NCC","A","36","K1003","19:55:00","21:40:00","Y","N","N","N","N","Outkina,Tatiana","P","NH"
"CYT"," 250","NCC","A","36","K1272","15:20:00","17:05:00","N","Y","N","N","N","Outkina,Tatiana","P","NH"
"DBS"," 211","NCC","A","35","A4507","11:40:00","13:25:00","Y","N","N","N","N","Pangborn,Russell","P","NH"
"DBS"," 211","NCCL","A","35","A1509","13:30:00","15:15:00","N","N","N","Y","N","Pangborn,Russell","P","NH"
"DBS"," 211","NDD","A","35","B1080","09:50:00","11:35:00","Y","N","N","N","N","Pangborn,Russell","P","NH"
"DBS"," 211","NDDL","A","35","A3518","11:40:00","13:25:00","N","N","N","Y","N","Pangborn,Russell","P","NH"
"DBS"," 311","NCC","A","30","A4503","17:10:00","18:55:00","N","Y","N","N","N","Pangborn,Russell","FL","NH"
"DBS"," 311","NCCL","A","30","A3518","11:40:00","13:25:00","N","N","N","N","Y","Pangborn,Russell","P","NH"
"DBS"," 311","NDD","A","30","K3263","13:30:00","15:15:00","N","Y","N","N","N","Pangborn,Russell","FL","NH"
"DBS"," 311","NDDL","A","30","C3036","09:50:00","11:35:00","N","N","N","N","Y","Pangborn,Russell","P","NH"
"OOP"," 244","NII","A","35","K3015","12:35:00","14:20:00","N","N","N","Y","N","Pant,Jeevan Kumar","P","NH"
"OOP"," 244","NIIL","A","35","A4512","13:30:00","15:15:00","N","Y","N","N","N","Pant,Jeevan Kumar","P","NH"
"DBS"," 101","NAA","A","36","A1509A","17:10:00","18:55:00","N","N","N","Y","N","Paracha,Asma M.","P","NH"
"DBS"," 101","NAA","A","36","K3005","16:15:00","18:00:00","N","N","Y","N","N","Paracha,Asma M.","P","NH"
"PBS"," 101","NAA","A","36","B1077","09:50:00","11:35:00","Y","N","N","N","N","Paracha,Asma M.","P","NH"
"WEB"," 700","ZAA","A","36","A1508","15:20:00","17:05:00","Y","N","N","N","N","Patel,Priteshkumar","P","NH"
"WEB"," 700","ZAA","A","36","A1509","15:20:00","17:05:00","N","Y","N","N","N","Patel,Priteshkumar","P","NH"
"CYT"," 230","NBB","A","36","A3065","16:15:00","18:00:00","Y","N","N","N","N","Paul,Suranjit","FL","NH"
"CYT"," 230","NBBL","A","36","A1508","17:10:00","18:55:00","N","N","N","Y","N","Paul,Suranjit","P","NH"
"SEC"," 835","ZBB","A","36","K1263","15:20:00","17:05:00","N","Y","N","N","N","Paul,Suranjit","H","NH"
"SEC"," 835","ZBB","A","36","ONLINE","12:35:00","14:20:00","N","N","N","N","Y","Paul,Suranjit","H","NH"
"SPR"," 530","NAA","A","10","K1005","11:40:00","13:25:00","N","N","N","Y","N","Paul,Suranjit","P","NH"
"SPR"," 530","NAA","A","10","C4034","13:30:00","15:15:00","Y","N","N","N","N","Paul,Suranjit","P","NH"
"DSM"," 760","NBB","A","36","A4515","17:10:00","18:55:00","N","N","Y","N","N","Pereira,Reuben","P","NH"
"DSM"," 760","NBB","A","36","A1508","18:05:00","19:50:00","Y","N","N","N","N","Pereira,Reuben","P","NH"
"SPS"," 120","NDD","A","36","K3272","08:55:00","11:35:00","N","N","Y","N","N","Popova,Ofeliya","P","NH"
"BTM"," 810","NAA","A","35","A4505","12:35:00","15:15:00","N","N","Y","N","N","Purves,David","P","NH"
"MAP"," 523","NSC","A","35","ONLINE","13:30:00","15:15:00","Y","N","N","N","N","Rad,Satiar","OS","NH"
"MAP"," 523","NSC","A","35","ONLINE","11:40:00","13:25:00","N","N","Y","N","N","Rad,Satiar","OS","NH"
"MST"," 100","NDD","A","36","A4513","17:10:00","18:55:00","N","N","Y","N","N","Rahman,Md Ataur","P","NH"
"MST"," 100","NDD","A","36","A4515","16:15:00","18:00:00","N","Y","N","N","N","Rahman,Md Ataur","P","NH"
"OSM"," 620","ZAA","A","36","B1083","15:20:00","17:05:00","Y","N","N","N","N","Rahman,Md Ataur","FL","NH"
"OSM"," 620","ZAAL","A","36","C4030","12:35:00","14:20:00","N","N","Y","N","N","Rahman,Md Ataur","P","NH"
"SRT"," 111","NAA","A","25","A3512","13:30:00","15:15:00","N","N","N","Y","N","Rahman,Md Ataur","P","NH"
"SRT"," 111","NAA","A","25","A3518","08:00:00","09:45:00","N","N","Y","N","N","Rahman,Md Ataur","P","NH"
"CYT"," 260","NBB","A","36","ONLINE","16:15:00","17:05:00","N","N","Y","N","N","Rahman,Saifur","OB","NH"
"CYT"," 260","NCC","A","36","ONLINE","17:10:00","18:00:00","N","N","Y","N","N","Rahman,Saifur","OB","NH"
"PMC"," 720","NBB","A","36","ONLINE","19:00:00","21:40:00","N","Y","N","N","N","Rahman,Saifur","OB","NH"
"QAT"," 810","ZAA","A","36","A1509A","08:00:00","10:40:00","Y","N","N","N","N","Rahman,Saifur","P","NH"
"ECR"," 775","NBB","A","36","ONLINE","17:10:00","19:50:00","N","N","N","Y","N","Ramezanpour,Amir Hossein","OB","NH"
"SEC"," 715","NBB","A","36","A4515","19:00:00","20:45:00","N","N","Y","N","N","Ramezanpour,Amir Hossein","H","NH"
"SEC"," 715","NBB","A","36","ONLINE","11:40:00","13:25:00","N","Y","N","N","N","Ramezanpour,Amir Hossein","H","NH"
"SED"," 200","NAA","A","25","B4064","16:15:00","18:55:00","N","N","N","N","Y","Ramezanpour,Amir Hossein","P","NH"
"AIG"," 140","NAA","A","25","D4030","12:35:00","14:20:00","N","Y","N","N","N","Randall,Allan Frederick","FL","NH"
"AIG"," 140","NAAL","A","25","B2078","13:30:00","15:15:00","N","N","N","Y","N","Randall,Allan Frederick","P","NH"
"BDM"," 100","NAA","A","25","C3032","08:00:00","10:40:00","N","N","N","Y","N","Randall,Allan Frederick","P","NH"
"BDM"," 600","NAA","A","40","C4030","13:30:00","16:10:00","N","N","N","N","Y","Randall,Allan Frederick","P","NH"
"SEM"," 305","NAA","A","25","B4085","08:55:00","10:40:00","N","Y","N","N","N","Randall,Allan Frederick","P","NH"
"SEM"," 305","NAA","A","25","C3032","10:45:00","12:30:00","N","N","N","Y","N","Randall,Allan Frederick","P","NH"
"WEB"," 322","NHH","A","35","B3044","09:50:00","11:35:00","N","N","N","Y","N","Rani,Ruhi","FL","NH"
"WEB"," 322","NHHL","A","35","A3527","11:40:00","13:25:00","N","Y","N","N","N","Rani,Ruhi","P","NH"
"WEB"," 422","NBB","A","40","K3260","08:00:00","09:45:00","N","N","Y","N","N","Rani,Ruhi","FL","NH"
"WEB"," 422","NBBL","A","40","A3527","15:20:00","17:05:00","N","N","N","N","Y","Rani,Ruhi","P","NH"
"WEB"," 422","NCC","A","35","B3044","11:40:00","13:25:00","N","N","N","Y","N","Rani,Ruhi","FL","NH"
"WEB"," 422","NCCL","A","35","A2534","09:50:00","11:35:00","N","Y","N","N","N","Rani,Ruhi","P","NH"
"CIS"," 660","ZAA","A","36","B3042","15:20:00","18:00:00","N","N","N","N","Y","Rathan,Karunya","P","NH"
"ECR"," 775","NAA","A","36","ONLINE","17:10:00","19:50:00","N","N","Y","N","N","Raza,Mahdi","OB","NH"
"DBS"," 211","NAA","A","35","A2505","11:40:00","13:25:00","Y","N","N","N","N","Razavi,Nasim","P","NH"
"DBS"," 211","NAAL","A","35","C3036","15:20:00","17:05:00","N","N","Y","N","N","Razavi,Nasim","P","NH"
"DBS"," 211","NBB","A","35","B1078","11:40:00","13:25:00","N","N","N","Y","N","Razavi,Nasim","P","NH"
"DBS"," 211","NBBL","A","35","C3034","15:20:00","17:05:00","Y","N","N","N","N","Razavi,Nasim","P","NH"
"DBS"," 311","NAA","A","35","D1010","09:50:00","11:35:00","N","Y","N","N","N","Razavi,Nasim","FL","NH"
"DBS"," 311","NAAL","A","35","K3274","09:50:00","11:35:00","N","N","N","Y","N","Razavi,Nasim","P","NH"
"DBS"," 311","NBB","A","35","B1083","13:30:00","15:15:00","Y","N","N","N","N","Razavi,Nasim","FL","NH"
"DBS"," 311","NBBL","A","35","A4515","11:40:00","13:25:00","N","N","Y","N","N","Razavi,Nasim","P","NH"
"CYT"," 275","NBB","A","36","ONLINE","14:25:00","16:10:00","N","N","Y","N","N","Riaz,Tiayyba","OB","NH"
"PRG"," 210","NAA","A","30","A1508","11:40:00","13:25:00","N","N","N","Y","N","Riaz,Tiayyba","P","NH"
"PRG"," 210","NAA","A","30","A1509","11:40:00","13:25:00","N","Y","N","N","N","Riaz,Tiayyba","P","NH"
"PRG"," 210","NBB","A","30","C4032","14:25:00","16:10:00","N","Y","N","Y","N","Riaz,Tiayyba","P","NH"
"GAM"," 536","NSB","A","40","ONLINE","17:10:00","18:55:00","N","N","Y","N","N","Ribeiro de Moura,Leonardo","OS","NH"
"GAM"," 536","NSB","A","40","ONLINE","13:30:00","15:15:00","N","N","N","N","Y","Ribeiro de Moura,Leonardo","OS","NH"
"GAM"," 536","NSC","A","40","ONLINE","09:50:00","11:35:00","N","Y","N","N","Y","Ribeiro de Moura,Leonardo","OS","NH"
"SPR"," 100","NAA","A","25","K1263","11:40:00","13:25:00","N","Y","N","N","N","Robertson,Chris","P","NH"
"SPR"," 100","NAA","A","25","K1272","09:50:00","11:35:00","N","N","Y","N","N","Robertson,Chris","P","NH"
"SRT"," 411","NAA","A","28","A4503","09:50:00","11:35:00","N","N","N","N","Y","Robertson,Chris","FL","NH"
"SRT"," 411","NAAL","A","28","C4034","15:20:00","17:05:00","N","N","Y","N","N","Robertson,Chris","P","NH"
"SRT"," 411","NBB","A","28","B3044","08:00:00","09:45:00","Y","N","N","N","N","Robertson,Chris","FL","NH"
"SRT"," 411","NBBL","A","28","K3274","08:00:00","09:45:00","N","N","N","N","Y","Robertson,Chris","P","NH"
"OOP"," 244","NEE","A","35","A3505","09:50:00","11:35:00","N","Y","N","N","N","Romanidis,Nicholas Karl","P","NH"
"OOP"," 244","NEEL","A","35","A1509","09:50:00","11:35:00","N","N","N","Y","N","Romanidis,Nicholas Karl","P","NH"
"OOP"," 244","NFF","A","35","B4059","15:20:00","17:05:00","N","Y","N","N","N","Romanidis,Nicholas Karl","P","NH"
"OOP"," 244","NFFL","A","35","C4030","13:30:00","15:15:00","N","N","N","Y","N","Romanidis,Nicholas Karl","P","NH"
"WEB"," 322","NFF","A","35","A2520","12:35:00","14:20:00","N","Y","N","N","N","Romanidis,Nicholas Karl","FL","NH"
"WEB"," 322","NFFL","A","35","A2534","11:40:00","13:25:00","N","N","N","Y","N","Romanidis,Nicholas Karl","P","NH"
"BTM"," 100","NAA","A","25","C4034","08:00:00","10:40:00","Y","N","N","N","N","Roth,Judith","P","NH"
"BTM"," 110","NAA","A","25","C4034","08:00:00","10:40:00","N","N","N","N","Y","Roth,Judith","P","NH"
"BTM"," 610","NAA","A","35","B1078","13:30:00","16:10:00","N","N","Y","N","N","Roth,Judith","P","NH"
"BTM"," 800","NAA","A","30","A4500","10:45:00","13:25:00","Y","N","N","N","N","Roth,Judith","FL","NH"
"DAT"," 330","NDD","A","36","C4032","11:40:00","13:25:00","N","N","N","N","Y","Safar-Ali,Morteza","P","NH"
"DAT"," 330","NDD","A","36","C3030","11:40:00","13:25:00","N","N","N","Y","N","Safar-Ali,Morteza","P","NH"
"DAT"," 330","NEE","A","35","A3518","11:40:00","13:25:00","N","Y","Y","N","N","Safar-Ali,Morteza","P","NH"
"MTH"," 200","NCC","A","25","B4085","17:10:00","18:55:00","Y","N","N","N","N","Sanaee,Seyed Ali","P","NH"
"MTH"," 200","NCC","A","25","C4034","14:25:00","16:10:00","N","N","N","N","Y","Sanaee,Seyed Ali","P","NH"
"SEM"," 405","NAA","A","30","B4021","17:10:00","18:55:00","N","N","Y","N","N","Sanaee,Seyed Ali","FL","NH"
"SEM"," 405","NAAL","A","30","B2078","12:35:00","14:20:00","N","N","N","N","Y","Sanaee,Seyed Ali","P","NH"
"BTM"," 600","NAA","A","35","A4504","12:35:00","15:15:00","N","N","N","Y","N","Sanchez,Denis","P","NH"
"HST"," 430","NAA","A","35","B3044","08:00:00","10:40:00","N","Y","N","N","N","Sanchez,Denis","FL","NH"
"BDP"," 100","NAA","A","25","C4034","08:00:00","10:40:00","N","Y","N","N","N","Sanei Bajgiran,Omid","P","NH"
"BDP"," 100","NBB","A","35","C3036","08:00:00","10:40:00","Y","N","N","N","N","Sanei Bajgiran,Omid","P","NH"
"WEB"," 222","NII","A","35","A2534","08:00:00","09:45:00","N","N","Y","N","N","Scanlan,Harry","P","NH"
"WEB"," 222","NII","A","35","A3527","13:30:00","15:15:00","N","N","N","N","Y","Scanlan,Harry","P","NH"
"WEB"," 322","NGG","A","35","A3065","11:40:00","13:25:00","N","N","N","N","Y","Scanlan,Harry","FL","NH"
"WEB"," 322","NGGL","A","35","A3527","11:40:00","13:25:00","Y","N","N","N","N","Scanlan,Harry","P","NH"
"BDM"," 400","NAA","A","40","C3036","08:00:00","10:40:00","N","N","N","Y","N","Seharawat,Savita","P","NH"
"APS"," 145","NCC","A","35","B1024","13:30:00","16:10:00","N","Y","N","N","N","Sehrawat,Monica","P","NH"
"APS"," 145","NFF","A","35","B1079","10:45:00","13:25:00","N","Y","N","N","N","Sehrawat,Monica","P","NH"
"OPS"," 102","NAA","A","35","B3042","09:50:00","11:35:00","N","N","N","N","Y","Sellens,John","P","NH"
"OPS"," 102","NAAL","A","35","A4513","13:30:00","15:15:00","N","Y","N","N","N","Sellens,John","P","NH"
"DPS"," 960","NSA","A","34","D1012","09:50:00","11:35:00","N","Y","N","N","N","Seo,Jae Duk","FL","NH"
"DPS"," 960","NSA","A","34","A3519","15:20:00","17:05:00","N","N","N","Y","N","Seo,Jae Duk","FL","NH"
"BSA"," 100","NAA","A","25","ONLINE","","","N","N","N","N","N","Setayesh,Azin","OA","NH"
"MAP"," 523","NSB","A","35","ONLINE","17:10:00","18:55:00","Y","N","N","N","Y","Shah,Ruchish","OS","NH"
"SEC"," 320","NDD","A","36","K1263","17:10:00","18:55:00","N","N","N","N","Y","Shahravan,Majid","P","NH"
"SEC"," 320","NDD","A","36","K1003","17:10:00","18:55:00","N","N","N","Y","N","Shahravan,Majid","P","NH"
"AIG"," 210","NAA","A","20","B3089","12:35:00","14:20:00","N","Y","N","N","N","Shahriari,Mana","FL","NH"
"AIG"," 210","NAAL","A","20","K3005","14:25:00","16:10:00","N","N","N","Y","N","Shahriari,Mana","P","NH"
"DPS"," 920","NSA","A","10","B3046","17:10:00","18:55:00","N","Y","N","N","N","Shahriari,Mana","FL","NH"
"DPS"," 920","NSAL","A","10","K3005","16:15:00","18:00:00","N","N","N","Y","N","Shahriari,Mana","P","NH"
"MTH"," 110","NAA","A","25","B4085","14:25:00","16:10:00","N","Y","N","N","N","Shahriari,Mana","P","NH"
"MTH"," 110","NAA","A","25","A3059","12:35:00","14:20:00","N","N","N","Y","N","Shahriari,Mana","P","NH"
"ACS"," 730","NCE","A","25","A4513","19:00:00","20:45:00","Y","N","Y","N","N","Shalchian,Vahab","P","NH"
"CLO"," 835","NBB","A","36","A3518","19:00:00","20:45:00","N","Y","N","N","N","Shalchian,Vahab","H","NH"
"CLO"," 835","NBB","A","36","ONLINE","19:55:00","21:40:00","N","N","N","Y","N","Shalchian,Vahab","H","NH"
"PFC"," 710","NBB","A","36","A1509A","08:55:00","11:35:00","N","N","N","N","N","Shalchian,Vahab","P","NH"
"OOP"," 345","NRA","A","35","A4501","15:20:00","17:05:00","Y","N","N","N","N","Shamas,Mohammad","FL","NH"
"OOP"," 345","NRAL","A","35","A3518","09:50:00","11:35:00","N","N","Y","N","N","Shamas,Mohammad","P","NH"
"UNX"," 511","NSB","A","40","ONLINE","13:30:00","15:15:00","N","Y","N","N","N","Shariatmadari,Shahdad","OS","NH"
"UNX"," 511","NSB","A","40","ONLINE","10:45:00","12:30:00","N","N","N","Y","N","Shariatmadari,Shahdad","OS","NH"
"WEB"," 422","NDD","A","35","A3065","09:50:00","11:35:00","N","N","Y","N","N","Shariatmadari,Shahdad","FL","NH"
"WEB"," 422","NDDL","A","35","A2534","13:30:00","15:15:00","N","N","N","N","Y","Shariatmadari,Shahdad","P","NH"
"BTH"," 650","NAA","A","35","ONLINE","11:40:00","13:25:00","N","Y","N","N","N","Shi,Yue","H","NH"
"BTH"," 650","NAA","A","35","K3264","12:35:00","14:20:00","N","N","N","Y","N","Shi,Yue","H","NH"
"BTH"," 650","NBB","A","35","ONLINE","13:30:00","15:15:00","Y","N","N","N","N","Shi,Yue","H","NH"
"BTH"," 650","NBB","A","35","A3518","13:30:00","15:15:00","N","N","N","N","Y","Shi,Yue","H","NH"
"BTH"," 650","NCC","A","30","ONLINE","09:50:00","11:35:00","Y","N","N","N","N","Shi,Yue","H","NH"
"BTH"," 650","NCC","A","30","A1509A","14:25:00","16:10:00","N","N","N","Y","N","Shi,Yue","H","NH"
"BTI"," 225","NBB","A","35","A3527","15:20:00","17:05:00","N","Y","N","N","N","Shi,Yue","P","NH"
"BTI"," 225","NBB","A","35","A3527","17:10:00","18:55:00","N","N","N","N","Y","Shi,Yue","P","NH"
"SFT"," 221","NII","A","35","C3036","10:45:00","13:25:00","Y","N","N","N","N","Shikhariya,Rashmi","P","NH"
"DBS"," 211","NRA","A","35","A4505","08:00:00","09:45:00","Y","N","N","N","N","Short,Jennifer Jacqueline","P","NH"
"DBS"," 211","NRAL","A","35","C3030","08:00:00","09:45:00","N","N","Y","N","N","Short,Jennifer Jacqueline","P","NH"
"MST"," 400","NCC","A","36","ONLINE","11:40:00","13:25:00","N","Y","Y","N","N","Shpuza,Bledar","OB","NH"
"MST"," 400","NEE","A","36","ONLINE","16:15:00","18:00:00","N","Y","N","N","N","Shpuza,Bledar","H","NH"
"MST"," 400","NEE","A","36","A3512","16:15:00","18:00:00","Y","N","N","N","N","Shpuza,Bledar","H","NH"
"RIS"," 430","NBB","A","28","K1263","09:50:00","11:35:00","N","N","N","N","Y","Shtern,Mark","P","NH"
"RIS"," 430","NBB","A","28","K1003","09:50:00","11:35:00","Y","N","N","N","N","Shtern,Mark","P","NH"
"RIS"," 602","NAA","A","20","K1003","11:40:00","13:25:00","N","Y","N","N","N","Shtern,Mark","P","NH"
"RIS"," 602","NAA","A","20","K1003","13:30:00","15:15:00","N","N","Y","N","N","Shtern,Mark","P","NH"
"RIS"," 602","NBB","A","20","K1003","11:40:00","13:25:00","Y","N","N","N","N","Shtern,Mark","P","NH"
"RIS"," 602","NBB","A","20","K1263","15:20:00","17:05:00","N","N","Y","N","N","Shtern,Mark","P","NH"
"SPR"," 600","NAA","A","36","K1263","14:25:00","16:10:00","N","N","N","Y","N","Shtern,Mark","P","NH"
"SPR"," 600","NAA","A","36","K1263","17:10:00","18:55:00","N","N","Y","N","N","Shtern,Mark","P","NH"
"CSN"," 205","NDD","A","36","K1001","11:40:00","15:15:00","N","N","N","N","Y","Singh,Kanwaldeep","H","NH"
"CSN"," 205","NDD","A","36","ONLINE","15:20:00","17:05:00","N","Y","N","N","N","Singh,Kanwaldeep","H","NH"
"NTF"," 201","NBB","A","36","K1001","13:30:00","15:15:00","N","N","Y","N","N","Singh,Kanwaldeep","P","NH"
"NTF"," 201","NBB","A","36","K1001","15:20:00","17:05:00","N","N","N","N","Y","Singh,Kanwaldeep","P","NH"
"OPS"," 345","NCC","A","36","C2034","14:25:00","16:10:00","N","N","Y","N","N","Smith,Andrew","P","NH"
"OPS"," 345","NCC","A","36","C2034","11:40:00","13:25:00","N","N","N","N","Y","Smith,Andrew","P","NH"
"OPS"," 345","NDD","A","36","C2034","12:35:00","14:20:00","N","N","Y","N","N","Smith,Andrew","P","NH"
"OPS"," 345","NDD","A","36","C2036","08:55:00","10:40:00","N","N","N","N","Y","Smith,Andrew","P","NH"
"OPS"," 445","NAA","A","36","ONLINE","09:50:00","11:35:00","Y","N","N","N","N","Smith,Andrew","H","NH"
"OPS"," 445","NAA","A","36","C2030","09:50:00","11:35:00","N","Y","N","N","N","Smith,Andrew","H","NH"
"OPS"," 445","NBB","A","36","ONLINE","11:40:00","13:25:00","Y","N","N","N","N","Smith,Andrew","H","NH"
"OPS"," 445","NBB","A","36","C2030","09:50:00","11:35:00","N","N","N","Y","N","Smith,Andrew","H","NH"
"BAB"," 140","NAA","A","35","B3038","12:35:00","15:15:00","N","N","N","Y","N","Sobhan,Rahman","H","NH"
"BAB"," 240","NAA","A","35","A4507","08:55:00","11:35:00","Y","N","N","N","N","Sobhan,Rahman","H","NH"
"BTP"," 405","NBB","A","35","K3274","16:15:00","18:00:00","N","N","Y","N","N","Sojoudian,Seyed Maziar","H","NH"
"BTP"," 405","NBB","A","35","ONLINE","12:35:00","14:20:00","Y","N","N","N","N","Sojoudian,Seyed Maziar","H","NH"
"CAA"," 900","NAA","A","36","A3516","08:55:00","12:30:00","N","N","N","N","N","Sojoudian,Seyed Maziar","P","NH"
"CAA"," 900","NBB","A","36","C2036","17:10:00","20:45:00","N","N","N","N","Y","Sojoudian,Seyed Maziar","P","NH"
"OOP"," 244","NAA","A","40","B1081","10:45:00","12:30:00","N","N","N","Y","N","Soleimanloo,Fardad","P","NH"
"OOP"," 244","NAAL","A","40","A4513","09:50:00","11:35:00","N","Y","N","N","N","Soleimanloo,Fardad","P","NH"
"OOP"," 345","NAA","A","40","B4021","13:30:00","15:15:00","Y","N","N","N","N","Soleimanloo,Fardad","FL","NH"
"OOP"," 345","NAAL","A","40","C3036","15:20:00","17:05:00","N","N","N","N","Y","Soleimanloo,Fardad","P","NH"
"OOP"," 345","NBB","A","40","K3010","13:30:00","15:15:00","N","N","N","Y","N","Soleimanloo,Fardad","FL","NH"
"OOP"," 345","NBBL","A","40","A4513","11:40:00","13:25:00","N","Y","N","N","N","Soleimanloo,Fardad","P","NH"
"MST"," 300","NDD","A","36","A4515","08:00:00","09:45:00","N","Y","N","N","N","Somarouthu,Bhanuteja","P","NH"
"MST"," 300","NDD","A","36","A1508","08:00:00","09:45:00","Y","N","N","N","N","Somarouthu,Bhanuteja","P","NH"
"MST"," 300","NEE","A","35","C4030","17:10:00","18:55:00","N","N","N","Y","N","Somarouthu,Bhanuteja","H","NH"
"MST"," 300","NEE","A","35","ONLINE","17:10:00","18:55:00","Y","N","N","N","N","Somarouthu,Bhanuteja","H","NH"
"OSM"," 820","ZAA","A","36","ONLINE","08:00:00","09:45:00","N","N","N","Y","Y","Somarouthu,Bhanuteja","OB","NH"
"WEB"," 322","NCC","A","35","B1025","08:00:00","09:45:00","N","N","N","Y","N","Song,Wei","FL","NH"
"WEB"," 322","NCCL","A","35","A3527","13:30:00","15:15:00","N","Y","N","N","N","Song,Wei","P","NH"
"WEB"," 322","NDD","A","35","K2241","09:50:00","11:35:00","N","N","N","Y","N","Song,Wei","FL","NH"
"WEB"," 322","NDDL","A","35","A2534","11:40:00","13:25:00","N","Y","N","N","N","Song,Wei","P","NH"
"WEB"," 322","NEE","A","35","K2241","11:40:00","13:25:00","N","N","Y","N","N","Song,Wei","FL","NH"
"WEB"," 322","NEEL","A","35","A3527","13:30:00","15:15:00","Y","N","N","N","N","Song,Wei","P","NH"
"DBS"," 710","ZAA","A","36","C2032","13:30:00","15:15:00","N","N","N","Y","N","Srinivasan,Sivagama","P","NH"
"DBS"," 710","ZAA","A","36","A4515","09:50:00","11:35:00","N","Y","N","N","N","Srinivasan,Sivagama","P","NH"
"LPE"," 945","ZAA","A","36","ONLINE","08:55:00","11:35:00","N","N","N","Y","N","Sriragavan,Gajani","OB","NH"
"PMC"," 220","NCE","A","31","ONLINE","08:55:00","11:35:00","N","N","N","N","N","Sriragavan,Gajani","OB","NH"
"DBS"," 900","ZAA","A","36","A4519","15:20:00","17:05:00","Y","N","N","N","N","Srivastava,Harish Kumar","FL","NH"
"DBS"," 900","ZBB","A","36","A4512","15:20:00","17:05:00","N","N","Y","N","N","Srivastava,Harish Kumar","FL","NH"
"DBW"," 825","NAA","A","30","K3263","11:40:00","13:25:00","Y","N","N","N","N","Stewart,Robert","FL","NH"
"DBW"," 825","NAAL","A","30","K3264","11:40:00","13:25:00","N","N","Y","N","N","Stewart,Robert","P","NH"
"SEC"," 835","NAA","A","30","K3260","13:30:00","15:15:00","Y","N","N","N","N","Stewart,Robert","FL","NH"
"SEC"," 835","NAAL","A","30","A4526","14:25:00","16:10:00","N","N","N","Y","N","Stewart,Robert","P","NH"
"SQL"," 710","NAA","A","30","B3044","09:50:00","11:35:00","Y","N","N","N","N","Stewart,Robert","FL","NH"
"SQL"," 710","NAAL","A","30","A3512","13:30:00","15:15:00","N","N","Y","N","N","Stewart,Robert","P","NH"
"CSN"," 405","NBB","A","36","K1270","12:35:00","14:20:00","N","Y","N","N","N","Subramanian,Ganesh","H","NH"
"CSN"," 405","NBB","A","36","ONLINE","09:50:00","11:35:00","Y","N","N","N","N","Subramanian,Ganesh","H","NH"
"PMC"," 115","NIA","A","36","C3032","14:25:00","16:10:00","N","N","N","N","Y","Subramanian,Ganesh","P","NH"
"PMC"," 115","NIA","A","36","A1509","08:00:00","09:45:00","N","Y","N","N","N","Subramanian,Ganesh","P","NH"
"ELA"," 521","NSA","A","40","ONLINE","09:50:00","13:25:00","N","Y","N","N","N","Symons,Margaret Elisabeth","OS","NH"
"PMC"," 444","NDD","A","38","K1271","17:10:00","18:55:00","N","Y","N","N","N","Tandon,Ashish","FL","NH"
"PMC"," 444","NDDL","A","38","A1508","13:30:00","15:15:00","N","N","N","N","Y","Tandon,Ashish","P","NH"
"CSN"," 105","NCC","A","36","K1005","08:00:00","09:45:00","Y","Y","N","N","N","Tao,Harry","P","NH"
"CSN"," 105","NDD","A","36","K1005","09:50:00","11:35:00","Y","Y","N","N","N","Tao,Harry","P","NH"
"MST"," 100","NCC","A","36","A3518","13:30:00","15:15:00","N","N","Y","N","N","Tao,Harry","P","NH"
"MST"," 100","NCC","A","36","C3032","12:35:00","14:20:00","N","N","N","Y","N","Tao,Harry","P","NH"
"IPC"," 144","NRA","A","35","B1029","13:30:00","15:15:00","Y","N","N","N","N","Tariq,Hina","P","NH"
"IPC"," 144","NRAL","A","35","A1509","15:20:00","17:05:00","N","N","N","N","Y","Tariq,Hina","P","NH"
"DBS"," 311","NJJ","A","35","A4500","11:40:00","13:25:00","N","N","Y","N","N","Tarr,Ronald","FL","NH"
"DBS"," 311","NJJL","A","35","A1509","13:30:00","15:15:00","N","N","N","N","Y","Tarr,Ronald","P","NH"
"NTF"," 201","NAA","A","36","K1001","08:00:00","09:45:00","N","N","Y","N","N","TBA038,001 **Scheduling Only**","P","NH"
"NTF"," 201","NAA","A","36","K1001","14:25:00","16:10:00","N","N","N","Y","N","TBA038,001 **Scheduling Only**","P","NH"
"AIG"," 150","NAA","A","25","K2001","17:10:00","18:55:00","N","Y","N","N","N","Thanabalasingam,Mathusan","FL","NH"
"AIG"," 150","NAAL","A","25","B2078","17:10:00","18:55:00","N","N","N","Y","N","Thanabalasingam,Mathusan","P","NH"
"CYT"," 200","NCE","A","30","B3041","19:00:00","20:45:00","N","N","N","Y","N","Tjoa,Brian","P","NH"
"CYT"," 200","NCE","A","30","B3041","13:30:00","15:15:00","N","N","N","N","N","Tjoa,Brian","P","NH"
"PMC"," 140","NCE","A","31","A3519","19:00:00","21:40:00","N","N","N","Y","N","Tompkins,Allan","FL","NH"
"WEB"," 222","NDD","A","36","A2534","08:00:00","09:45:00","N","Y","N","Y","N","Tony,Arezoo","P","NH"
"WEB"," 422","NAA","A","35","A3065","11:40:00","13:25:00","N","Y","N","N","N","Tony,Arezoo","FL","NH"
"WEB"," 422","NAAL","A","35","A2534","08:00:00","09:45:00","N","N","N","N","Y","Tony,Arezoo","P","NH"
"CYT"," 215","NCE","A","25","K1272","19:55:00","21:40:00","Y","Y","N","N","N","Turab,Syed Ali","P","NH"
"OPS"," 102","NAA","A","35","B3042","09:50:00","11:35:00","N","N","N","N","Y","Tyler,Chris","P","NH"
"OPS"," 102","NAAL","A","35","A4513","13:30:00","15:15:00","N","Y","N","N","N","Tyler,Chris","P","NH"
"OPS"," 102","NBB","A","35","B1078","13:30:00","15:15:00","N","N","N","N","Y","Tyler,Chris","P","NH"
"OPS"," 102","NBBL","A","35","A3512","08:00:00","09:45:00","N","N","Y","N","N","Tyler,Chris","P","NH"
"OPS"," 102","NCC","A","35","B1080","14:25:00","16:10:00","N","N","N","Y","N","Tyler,Chris","P","NH"
"OPS"," 102","NCCL","A","35","K3264","10:45:00","12:30:00","N","Y","N","N","N","Tyler,Chris","P","NH"
"SPO"," 600","NSA","A","35","ONLINE","08:00:00","09:45:00","N","Y","N","N","Y","Tyler,Chris","OS","NH"
"SFT"," 221","NEE","A","35","D3018","13:30:00","16:10:00","N","Y","N","N","N","Vankawala,Fagun","P","NH"
"SFT"," 221","NFF","A","42","K3274","08:55:00","11:35:00","N","Y","N","N","N","Vankawala,Fagun","P","NH"
"SFT"," 221","NGG","A","42","K3264","15:20:00","18:00:00","Y","N","N","N","N","Vankawala,Fagun","P","NH"
"SFT"," 221","NHH","A","35","A3518","15:20:00","18:00:00","N","N","N","N","Y","Vankawala,Fagun","P","NH"
"BTP"," 200","NBB","A","40","B3088","09:50:00","11:35:00","Y","N","N","N","N","Vardhmane,Vrushali","P","NH"
"BTP"," 200","NBBL","A","40","C4032","16:15:00","18:00:00","N","N","N","Y","N","Vardhmane,Vrushali","P","NH"
"MST"," 200","NBB","A","36","C3030","11:40:00","13:25:00","N","N","N","N","Y","Vargas,Jorgeduardo Nikolae","P","NH"
"MST"," 200","NBB","A","36","C4030","09:50:00","11:35:00","N","N","N","Y","N","Vargas,Jorgeduardo Nikolae","P","NH"
"MST"," 200","NDD","A","36","A1509A","15:20:00","17:05:00","N","N","N","N","Y","Vargas,Jorgeduardo Nikolae","H","NH"
"MST"," 200","NDD","A","36","ONLINE","13:30:00","15:15:00","N","Y","N","N","N","Vargas,Jorgeduardo Nikolae","H","NH"
"MST"," 300","NCC","A","36","C3030","13:30:00","15:15:00","N","N","N","N","Y","Vargas,Jorgeduardo Nikolae","P","NH"
"MST"," 300","NCC","A","36","C4030","11:40:00","13:25:00","N","N","N","Y","N","Vargas,Jorgeduardo Nikolae","P","NH"
"LDM"," 860","ZAA","A","36","K3280","10:45:00","13:25:00","Y","N","N","N","N","Warren,Michelle","P","NH"
"LDM"," 860","ZBB","A","36","D4050","13:30:00","16:10:00","N","N","N","Y","N","Warren,Michelle","P","NH"
"LDM"," 860","ZCC","A","36","B3038","11:40:00","14:20:00","N","N","N","N","Y","Warren,Michelle","P","NH"
"SEE"," 600","NAA","A","35","K3170","14:25:00","16:10:00","N","N","N","Y","N","Watler,Miguel Oliver","P","NH"
"SEE"," 600","NAA","A","35","C3036","08:00:00","09:45:00","N","N","N","N","Y","Watler,Miguel Oliver","P","NH"
"SEP"," 400","NAA","A","30","A3518","09:50:00","11:35:00","N","N","N","N","Y","Watler,Miguel Oliver","P","NH"
"SEP"," 400","NAA","A","30","B4062","11:40:00","13:25:00","Y","N","N","N","N","Watler,Miguel Oliver","P","NH"
"CSN"," 105","NCE","A","26","K1005","18:05:00","19:50:00","Y","N","Y","N","N","Westell,Holly","P","NH"
"CSN"," 105","NEE","A","36","K1005","13:30:00","15:15:00","N","Y","N","N","N","Westell,Holly","H","NH"
"CSN"," 105","NEE","A","36","ONLINE","13:30:00","15:15:00","Y","N","N","N","N","Westell,Holly","H","NH"
"NWK"," 680","ZAA","A","36","K3100","14:25:00","16:10:00","N","N","Y","N","N","Westell,Holly","FL","NH"
"NWK"," 680","ZAAL","A","36","K1005","15:20:00","17:05:00","N","Y","N","N","N","Westell,Holly","P","NH"
"DSA"," 456","NGG","A","35","A4501","13:30:00","15:15:00","N","N","Y","N","N","Wong,Raymond Kin Yee","FL","NH"
"DSA"," 456","NGGL","A","35","B1079","09:50:00","11:35:00","N","N","N","N","Y","Wong,Raymond Kin Yee","P","NH"
"SYD"," 366","NHH","A","35","K2001","11:40:00","13:25:00","N","N","N","N","Y","Wong,Raymond Kin Yee","FL","NH"
"SYD"," 366","NHHL","A","35","C3036","13:30:00","15:15:00","N","Y","N","N","N","Wong,Raymond Kin Yee","P","NH"
"BTS"," 435","NAA","A","35","K3264","11:40:00","13:25:00","N","N","N","N","Y","Xiang,Junlian","H","NH"
"BTS"," 435","NAA","A","35","ONLINE","08:55:00","10:40:00","Y","N","N","N","N","Xiang,Junlian","H","NH"
"BTS"," 435","NBB","A","35","A3516","08:00:00","09:45:00","N","N","N","Y","N","Xiang,Junlian","H","NH"
"BTS"," 435","NBB","A","35","ONLINE","10:45:00","12:30:00","Y","N","N","N","N","Xiang,Junlian","H","NH"
"BTS"," 435","NCC","A","35","ONLINE","13:30:00","15:15:00","N","Y","N","N","N","Xiang,Junlian","H","NH"
"BTS"," 435","NCC","A","35","A4526","10:45:00","12:30:00","N","N","N","Y","N","Xiang,Junlian","H","NH"
"BTS"," 530","NCC","A","35","ONLINE","11:40:00","13:25:00","N","Y","N","N","N","Xiang,Junlian","H","NH"
"BTS"," 530","NCC","A","35","A3512","08:00:00","09:45:00","N","N","N","N","Y","Xiang,Junlian","H","NH"
"CLO"," 700","NBB","A","36","ONLINE","17:10:00","18:55:00","N","Y","N","N","N","Xu,Lei","H","NH"
"CLO"," 700","NBB","A","36","A4519","17:10:00","18:55:00","N","N","N","Y","N","Xu,Lei","H","NH"
"TPA"," 905","ZAA","A","36","A4516","11:40:00","14:20:00","N","N","Y","N","N","Yaeiyess Bechari,Faysal","P","NH"
"TPA"," 905","ZBB","A","36","C4032","08:55:00","11:35:00","N","N","N","N","Y","Yaeiyess Bechari,Faysal","P","NH"
"WEB"," 222","NFF","A","36","A2534","17:10:00","18:55:00","N","Y","N","Y","N","Yeung,Hing Lun Kenneth","P","NH"
"WEB"," 222","NGG","A","36","A2534","15:20:00","17:05:00","N","Y","N","Y","N","Yeung,Hing Lun Kenneth","P","NH"
"WEB"," 222","NHH","A","35","A2534","09:50:00","11:35:00","N","N","Y","N","N","Yeung,Hing Lun Kenneth","P","NH"
"WEB"," 222","NHH","A","35","A2534","13:30:00","15:15:00","Y","N","N","N","N","Yeung,Hing Lun Kenneth","P","NH"
"QAT"," 810","ZCC","A","36","A3512","08:00:00","10:40:00","N","N","N","Y","N","Yoon,Duk Hyun","P","NH"
"DBD"," 800","NAA","A","30","A4513","16:15:00","18:55:00","N","N","N","Y","N","Zafar,Muhammad Rehman","P","NH"
"CYT"," 180","NBB","A","36","ONLINE","17:10:00","18:55:00","N","N","Y","N","N","Zakerzadeh,Hessam","H","NH"
"CYT"," 180","NBB","A","36","A1508","17:10:00","18:55:00","N","Y","N","N","N","Zakerzadeh,Hessam","H","NH"
"SEC"," 220","NDD","A","36","K1272","09:50:00","11:35:00","Y","Y","N","N","N","Zhao,Tianyu","P","NH"
"SEC"," 220","NFF","A","36","K1263","08:00:00","09:45:00","N","Y","N","Y","N","Zhao,Tianyu","P","NH"
"CJV"," 805","NAA","A","30","K2001","17:10:00","18:55:00","Y","N","N","N","N","Zhian,Mehrnaz","FL","NH"
"CJV"," 805","NAAL","A","30","A4512","13:30:00","15:15:00","N","N","N","N","Y","Zhian,Mehrnaz","P","NH"
"JAV"," 745","NAA","A","30","B3088","11:40:00","13:25:00","N","N","N","Y","N","Zhian,Mehrnaz","FL","NH"
"JAV"," 745","NAAL","A","30","A3516","15:20:00","17:05:00","N","N","N","N","Y","Zhian,Mehrnaz","P","NH"
"SYD"," 466","NCC","A","35","A4503","17:10:00","18:55:00","N","N","Y","N","N","Zhian,Mehrnaz","FL","NH"
"SYD"," 466","NCCL","A","35","C3030","16:15:00","18:00:00","N","N","N","Y","N","Zhian,Mehrnaz","P","NH"
"SPS"," 120","NCC","A","36","B3041","09:50:00","12:30:00","N","Y","N","N","N","Zhu,Haiying Zoe","P","NH"
